--
-- PostgreSQL database dump
--

-- Dumped from database version 16.2
-- Dumped by pg_dump version 16.2

SET statement_timeout = 0;
SET lock_timeout = 0;
SET idle_in_transaction_session_timeout = 0;
SET client_encoding = 'UTF8';
SET standard_conforming_strings = on;
SELECT pg_catalog.set_config('search_path', '', false);
SET check_function_bodies = false;
SET xmloption = content;
SET client_min_messages = warning;
SET row_security = off;

SET default_tablespace = '';

SET default_table_access_method = heap;

--
-- Name: account_emailaddress; Type: TABLE; Schema: public; Owner: postgres
--

CREATE TABLE public.account_emailaddress (
    id integer NOT NULL,
    email character varying(254) NOT NULL,
    verified boolean NOT NULL,
    "primary" boolean NOT NULL,
    user_id integer NOT NULL
);


ALTER TABLE public.account_emailaddress OWNER TO postgres;

--
-- Name: account_emailaddress_id_seq; Type: SEQUENCE; Schema: public; Owner: postgres
--

ALTER TABLE public.account_emailaddress ALTER COLUMN id ADD GENERATED BY DEFAULT AS IDENTITY (
    SEQUENCE NAME public.account_emailaddress_id_seq
    START WITH 1
    INCREMENT BY 1
    NO MINVALUE
    NO MAXVALUE
    CACHE 1
);


--
-- Name: account_emailconfirmation; Type: TABLE; Schema: public; Owner: postgres
--

CREATE TABLE public.account_emailconfirmation (
    id integer NOT NULL,
    created timestamp with time zone NOT NULL,
    sent timestamp with time zone,
    key character varying(64) NOT NULL,
    email_address_id integer NOT NULL
);


ALTER TABLE public.account_emailconfirmation OWNER TO postgres;

--
-- Name: account_emailconfirmation_id_seq; Type: SEQUENCE; Schema: public; Owner: postgres
--

ALTER TABLE public.account_emailconfirmation ALTER COLUMN id ADD GENERATED BY DEFAULT AS IDENTITY (
    SEQUENCE NAME public.account_emailconfirmation_id_seq
    START WITH 1
    INCREMENT BY 1
    NO MINVALUE
    NO MAXVALUE
    CACHE 1
);


--
-- Name: auth_group; Type: TABLE; Schema: public; Owner: postgres
--

CREATE TABLE public.auth_group (
    id integer NOT NULL,
    name character varying(150) NOT NULL
);


ALTER TABLE public.auth_group OWNER TO postgres;

--
-- Name: auth_group_id_seq; Type: SEQUENCE; Schema: public; Owner: postgres
--

ALTER TABLE public.auth_group ALTER COLUMN id ADD GENERATED BY DEFAULT AS IDENTITY (
    SEQUENCE NAME public.auth_group_id_seq
    START WITH 1
    INCREMENT BY 1
    NO MINVALUE
    NO MAXVALUE
    CACHE 1
);


--
-- Name: auth_group_permissions; Type: TABLE; Schema: public; Owner: postgres
--

CREATE TABLE public.auth_group_permissions (
    id bigint NOT NULL,
    group_id integer NOT NULL,
    permission_id integer NOT NULL
);


ALTER TABLE public.auth_group_permissions OWNER TO postgres;

--
-- Name: auth_group_permissions_id_seq; Type: SEQUENCE; Schema: public; Owner: postgres
--

ALTER TABLE public.auth_group_permissions ALTER COLUMN id ADD GENERATED BY DEFAULT AS IDENTITY (
    SEQUENCE NAME public.auth_group_permissions_id_seq
    START WITH 1
    INCREMENT BY 1
    NO MINVALUE
    NO MAXVALUE
    CACHE 1
);


--
-- Name: auth_permission; Type: TABLE; Schema: public; Owner: postgres
--

CREATE TABLE public.auth_permission (
    id integer NOT NULL,
    name character varying(255) NOT NULL,
    content_type_id integer NOT NULL,
    codename character varying(100) NOT NULL
);


ALTER TABLE public.auth_permission OWNER TO postgres;

--
-- Name: auth_permission_id_seq; Type: SEQUENCE; Schema: public; Owner: postgres
--

ALTER TABLE public.auth_permission ALTER COLUMN id ADD GENERATED BY DEFAULT AS IDENTITY (
    SEQUENCE NAME public.auth_permission_id_seq
    START WITH 1
    INCREMENT BY 1
    NO MINVALUE
    NO MAXVALUE
    CACHE 1
);


--
-- Name: auth_user; Type: TABLE; Schema: public; Owner: postgres
--

CREATE TABLE public.auth_user (
    id integer NOT NULL,
    password character varying(128) NOT NULL,
    last_login timestamp with time zone,
    is_superuser boolean NOT NULL,
    username character varying(150) NOT NULL,
    first_name character varying(150) NOT NULL,
    last_name character varying(150) NOT NULL,
    email character varying(254) NOT NULL,
    is_staff boolean NOT NULL,
    is_active boolean NOT NULL,
    date_joined timestamp with time zone NOT NULL
);


ALTER TABLE public.auth_user OWNER TO postgres;

--
-- Name: auth_user_groups; Type: TABLE; Schema: public; Owner: postgres
--

CREATE TABLE public.auth_user_groups (
    id bigint NOT NULL,
    user_id integer NOT NULL,
    group_id integer NOT NULL
);


ALTER TABLE public.auth_user_groups OWNER TO postgres;

--
-- Name: auth_user_groups_id_seq; Type: SEQUENCE; Schema: public; Owner: postgres
--

ALTER TABLE public.auth_user_groups ALTER COLUMN id ADD GENERATED BY DEFAULT AS IDENTITY (
    SEQUENCE NAME public.auth_user_groups_id_seq
    START WITH 1
    INCREMENT BY 1
    NO MINVALUE
    NO MAXVALUE
    CACHE 1
);


--
-- Name: auth_user_id_seq; Type: SEQUENCE; Schema: public; Owner: postgres
--

ALTER TABLE public.auth_user ALTER COLUMN id ADD GENERATED BY DEFAULT AS IDENTITY (
    SEQUENCE NAME public.auth_user_id_seq
    START WITH 1
    INCREMENT BY 1
    NO MINVALUE
    NO MAXVALUE
    CACHE 1
);


--
-- Name: auth_user_user_permissions; Type: TABLE; Schema: public; Owner: postgres
--

CREATE TABLE public.auth_user_user_permissions (
    id bigint NOT NULL,
    user_id integer NOT NULL,
    permission_id integer NOT NULL
);


ALTER TABLE public.auth_user_user_permissions OWNER TO postgres;

--
-- Name: auth_user_user_permissions_id_seq; Type: SEQUENCE; Schema: public; Owner: postgres
--

ALTER TABLE public.auth_user_user_permissions ALTER COLUMN id ADD GENERATED BY DEFAULT AS IDENTITY (
    SEQUENCE NAME public.auth_user_user_permissions_id_seq
    START WITH 1
    INCREMENT BY 1
    NO MINVALUE
    NO MAXVALUE
    CACHE 1
);


--
-- Name: django_admin_log; Type: TABLE; Schema: public; Owner: postgres
--

CREATE TABLE public.django_admin_log (
    id integer NOT NULL,
    action_time timestamp with time zone NOT NULL,
    object_id text,
    object_repr character varying(200) NOT NULL,
    action_flag smallint NOT NULL,
    change_message text NOT NULL,
    content_type_id integer,
    user_id integer NOT NULL,
    CONSTRAINT django_admin_log_action_flag_check CHECK ((action_flag >= 0))
);


ALTER TABLE public.django_admin_log OWNER TO postgres;

--
-- Name: django_admin_log_id_seq; Type: SEQUENCE; Schema: public; Owner: postgres
--

ALTER TABLE public.django_admin_log ALTER COLUMN id ADD GENERATED BY DEFAULT AS IDENTITY (
    SEQUENCE NAME public.django_admin_log_id_seq
    START WITH 1
    INCREMENT BY 1
    NO MINVALUE
    NO MAXVALUE
    CACHE 1
);


--
-- Name: django_celery_beat_clockedschedule; Type: TABLE; Schema: public; Owner: postgres
--

CREATE TABLE public.django_celery_beat_clockedschedule (
    id integer NOT NULL,
    clocked_time timestamp with time zone NOT NULL
);


ALTER TABLE public.django_celery_beat_clockedschedule OWNER TO postgres;

--
-- Name: django_celery_beat_clockedschedule_id_seq; Type: SEQUENCE; Schema: public; Owner: postgres
--

ALTER TABLE public.django_celery_beat_clockedschedule ALTER COLUMN id ADD GENERATED BY DEFAULT AS IDENTITY (
    SEQUENCE NAME public.django_celery_beat_clockedschedule_id_seq
    START WITH 1
    INCREMENT BY 1
    NO MINVALUE
    NO MAXVALUE
    CACHE 1
);


--
-- Name: django_celery_beat_crontabschedule; Type: TABLE; Schema: public; Owner: postgres
--

CREATE TABLE public.django_celery_beat_crontabschedule (
    id integer NOT NULL,
    minute character varying(240) NOT NULL,
    hour character varying(96) NOT NULL,
    day_of_week character varying(64) NOT NULL,
    day_of_month character varying(124) NOT NULL,
    month_of_year character varying(64) NOT NULL,
    timezone character varying(63) NOT NULL
);


ALTER TABLE public.django_celery_beat_crontabschedule OWNER TO postgres;

--
-- Name: django_celery_beat_crontabschedule_id_seq; Type: SEQUENCE; Schema: public; Owner: postgres
--

ALTER TABLE public.django_celery_beat_crontabschedule ALTER COLUMN id ADD GENERATED BY DEFAULT AS IDENTITY (
    SEQUENCE NAME public.django_celery_beat_crontabschedule_id_seq
    START WITH 1
    INCREMENT BY 1
    NO MINVALUE
    NO MAXVALUE
    CACHE 1
);


--
-- Name: django_celery_beat_intervalschedule; Type: TABLE; Schema: public; Owner: postgres
--

CREATE TABLE public.django_celery_beat_intervalschedule (
    id integer NOT NULL,
    every integer NOT NULL,
    period character varying(24) NOT NULL
);


ALTER TABLE public.django_celery_beat_intervalschedule OWNER TO postgres;

--
-- Name: django_celery_beat_intervalschedule_id_seq; Type: SEQUENCE; Schema: public; Owner: postgres
--

ALTER TABLE public.django_celery_beat_intervalschedule ALTER COLUMN id ADD GENERATED BY DEFAULT AS IDENTITY (
    SEQUENCE NAME public.django_celery_beat_intervalschedule_id_seq
    START WITH 1
    INCREMENT BY 1
    NO MINVALUE
    NO MAXVALUE
    CACHE 1
);


--
-- Name: django_celery_beat_periodictask; Type: TABLE; Schema: public; Owner: postgres
--

CREATE TABLE public.django_celery_beat_periodictask (
    id integer NOT NULL,
    name character varying(200) NOT NULL,
    task character varying(200) NOT NULL,
    args text NOT NULL,
    kwargs text NOT NULL,
    queue character varying(200),
    exchange character varying(200),
    routing_key character varying(200),
    expires timestamp with time zone,
    enabled boolean NOT NULL,
    last_run_at timestamp with time zone,
    total_run_count integer NOT NULL,
    date_changed timestamp with time zone NOT NULL,
    description text NOT NULL,
    crontab_id integer,
    interval_id integer,
    solar_id integer,
    one_off boolean NOT NULL,
    start_time timestamp with time zone,
    priority integer,
    headers text NOT NULL,
    clocked_id integer,
    expire_seconds integer,
    CONSTRAINT django_celery_beat_periodictask_expire_seconds_check CHECK ((expire_seconds >= 0)),
    CONSTRAINT django_celery_beat_periodictask_priority_check CHECK ((priority >= 0)),
    CONSTRAINT django_celery_beat_periodictask_total_run_count_check CHECK ((total_run_count >= 0))
);


ALTER TABLE public.django_celery_beat_periodictask OWNER TO postgres;

--
-- Name: django_celery_beat_periodictask_id_seq; Type: SEQUENCE; Schema: public; Owner: postgres
--

ALTER TABLE public.django_celery_beat_periodictask ALTER COLUMN id ADD GENERATED BY DEFAULT AS IDENTITY (
    SEQUENCE NAME public.django_celery_beat_periodictask_id_seq
    START WITH 1
    INCREMENT BY 1
    NO MINVALUE
    NO MAXVALUE
    CACHE 1
);


--
-- Name: django_celery_beat_periodictasks; Type: TABLE; Schema: public; Owner: postgres
--

CREATE TABLE public.django_celery_beat_periodictasks (
    ident smallint NOT NULL,
    last_update timestamp with time zone NOT NULL
);


ALTER TABLE public.django_celery_beat_periodictasks OWNER TO postgres;

--
-- Name: django_celery_beat_solarschedule; Type: TABLE; Schema: public; Owner: postgres
--

CREATE TABLE public.django_celery_beat_solarschedule (
    id integer NOT NULL,
    event character varying(24) NOT NULL,
    latitude numeric(9,6) NOT NULL,
    longitude numeric(9,6) NOT NULL
);


ALTER TABLE public.django_celery_beat_solarschedule OWNER TO postgres;

--
-- Name: django_celery_beat_solarschedule_id_seq; Type: SEQUENCE; Schema: public; Owner: postgres
--

ALTER TABLE public.django_celery_beat_solarschedule ALTER COLUMN id ADD GENERATED BY DEFAULT AS IDENTITY (
    SEQUENCE NAME public.django_celery_beat_solarschedule_id_seq
    START WITH 1
    INCREMENT BY 1
    NO MINVALUE
    NO MAXVALUE
    CACHE 1
);


--
-- Name: django_content_type; Type: TABLE; Schema: public; Owner: postgres
--

CREATE TABLE public.django_content_type (
    id integer NOT NULL,
    app_label character varying(100) NOT NULL,
    model character varying(100) NOT NULL
);


ALTER TABLE public.django_content_type OWNER TO postgres;

--
-- Name: django_content_type_id_seq; Type: SEQUENCE; Schema: public; Owner: postgres
--

ALTER TABLE public.django_content_type ALTER COLUMN id ADD GENERATED BY DEFAULT AS IDENTITY (
    SEQUENCE NAME public.django_content_type_id_seq
    START WITH 1
    INCREMENT BY 1
    NO MINVALUE
    NO MAXVALUE
    CACHE 1
);


--
-- Name: django_migrations; Type: TABLE; Schema: public; Owner: postgres
--

CREATE TABLE public.django_migrations (
    id bigint NOT NULL,
    app character varying(255) NOT NULL,
    name character varying(255) NOT NULL,
    applied timestamp with time zone NOT NULL
);


ALTER TABLE public.django_migrations OWNER TO postgres;

--
-- Name: django_migrations_id_seq; Type: SEQUENCE; Schema: public; Owner: postgres
--

ALTER TABLE public.django_migrations ALTER COLUMN id ADD GENERATED BY DEFAULT AS IDENTITY (
    SEQUENCE NAME public.django_migrations_id_seq
    START WITH 1
    INCREMENT BY 1
    NO MINVALUE
    NO MAXVALUE
    CACHE 1
);


--
-- Name: django_session; Type: TABLE; Schema: public; Owner: postgres
--

CREATE TABLE public.django_session (
    session_key character varying(40) NOT NULL,
    session_data text NOT NULL,
    expire_date timestamp with time zone NOT NULL
);


ALTER TABLE public.django_session OWNER TO postgres;

--
-- Name: django_site; Type: TABLE; Schema: public; Owner: postgres
--

CREATE TABLE public.django_site (
    id integer NOT NULL,
    domain character varying(100) NOT NULL,
    name character varying(50) NOT NULL
);


ALTER TABLE public.django_site OWNER TO postgres;

--
-- Name: django_site_id_seq; Type: SEQUENCE; Schema: public; Owner: postgres
--

ALTER TABLE public.django_site ALTER COLUMN id ADD GENERATED BY DEFAULT AS IDENTITY (
    SEQUENCE NAME public.django_site_id_seq
    START WITH 1
    INCREMENT BY 1
    NO MINVALUE
    NO MAXVALUE
    CACHE 1
);


--
-- Name: notifications_notification; Type: TABLE; Schema: public; Owner: postgres
--

CREATE TABLE public.notifications_notification (
    id bigint NOT NULL,
    notification_type integer NOT NULL,
    text_preview character varying(90) NOT NULL,
    date timestamp with time zone NOT NULL,
    is_seen boolean NOT NULL,
    post_id bigint,
    sender_id integer NOT NULL,
    user_id integer NOT NULL
);


ALTER TABLE public.notifications_notification OWNER TO postgres;

--
-- Name: notifications_notification_id_seq; Type: SEQUENCE; Schema: public; Owner: postgres
--

ALTER TABLE public.notifications_notification ALTER COLUMN id ADD GENERATED BY DEFAULT AS IDENTITY (
    SEQUENCE NAME public.notifications_notification_id_seq
    START WITH 1
    INCREMENT BY 1
    NO MINVALUE
    NO MAXVALUE
    CACHE 1
);


--
-- Name: post_direction; Type: TABLE; Schema: public; Owner: postgres
--

CREATE TABLE public.post_direction (
    id bigint NOT NULL,
    step text NOT NULL,
    photo character varying(100),
    recipe_id bigint NOT NULL
);


ALTER TABLE public.post_direction OWNER TO postgres;

--
-- Name: post_direction_id_seq; Type: SEQUENCE; Schema: public; Owner: postgres
--

ALTER TABLE public.post_direction ALTER COLUMN id ADD GENERATED BY DEFAULT AS IDENTITY (
    SEQUENCE NAME public.post_direction_id_seq
    START WITH 1
    INCREMENT BY 1
    NO MINVALUE
    NO MAXVALUE
    CACHE 1
);


--
-- Name: post_dish; Type: TABLE; Schema: public; Owner: postgres
--

CREATE TABLE public.post_dish (
    id bigint NOT NULL,
    name character varying(200) NOT NULL
);


ALTER TABLE public.post_dish OWNER TO postgres;

--
-- Name: post_dish_id_seq; Type: SEQUENCE; Schema: public; Owner: postgres
--

ALTER TABLE public.post_dish ALTER COLUMN id ADD GENERATED BY DEFAULT AS IDENTITY (
    SEQUENCE NAME public.post_dish_id_seq
    START WITH 1
    INCREMENT BY 1
    NO MINVALUE
    NO MAXVALUE
    CACHE 1
);


--
-- Name: post_follow; Type: TABLE; Schema: public; Owner: postgres
--

CREATE TABLE public.post_follow (
    id bigint NOT NULL,
    follower_id integer,
    following_id integer
);


ALTER TABLE public.post_follow OWNER TO postgres;

--
-- Name: post_follow_id_seq; Type: SEQUENCE; Schema: public; Owner: postgres
--

ALTER TABLE public.post_follow ALTER COLUMN id ADD GENERATED BY DEFAULT AS IDENTITY (
    SEQUENCE NAME public.post_follow_id_seq
    START WITH 1
    INCREMENT BY 1
    NO MINVALUE
    NO MAXVALUE
    CACHE 1
);


--
-- Name: post_ingredient; Type: TABLE; Schema: public; Owner: postgres
--

CREATE TABLE public.post_ingredient (
    id bigint NOT NULL,
    name character varying(100) NOT NULL,
    quantity character varying(100) NOT NULL,
    recipe_id bigint NOT NULL
);


ALTER TABLE public.post_ingredient OWNER TO postgres;

--
-- Name: post_ingredient_id_seq; Type: SEQUENCE; Schema: public; Owner: postgres
--

ALTER TABLE public.post_ingredient ALTER COLUMN id ADD GENERATED BY DEFAULT AS IDENTITY (
    SEQUENCE NAME public.post_ingredient_id_seq
    START WITH 1
    INCREMENT BY 1
    NO MINVALUE
    NO MAXVALUE
    CACHE 1
);


--
-- Name: post_likes; Type: TABLE; Schema: public; Owner: postgres
--

CREATE TABLE public.post_likes (
    id bigint NOT NULL,
    user_id integer NOT NULL,
    recipe_id bigint NOT NULL
);


ALTER TABLE public.post_likes OWNER TO postgres;

--
-- Name: post_likes_id_seq; Type: SEQUENCE; Schema: public; Owner: postgres
--

ALTER TABLE public.post_likes ALTER COLUMN id ADD GENERATED BY DEFAULT AS IDENTITY (
    SEQUENCE NAME public.post_likes_id_seq
    START WITH 1
    INCREMENT BY 1
    NO MINVALUE
    NO MAXVALUE
    CACHE 1
);


--
-- Name: post_postfilecontent; Type: TABLE; Schema: public; Owner: postgres
--

CREATE TABLE public.post_postfilecontent (
    id bigint NOT NULL,
    file character varying(100) NOT NULL,
    user_id integer NOT NULL
);


ALTER TABLE public.post_postfilecontent OWNER TO postgres;

--
-- Name: post_postfilecontent_id_seq; Type: SEQUENCE; Schema: public; Owner: postgres
--

ALTER TABLE public.post_postfilecontent ALTER COLUMN id ADD GENERATED BY DEFAULT AS IDENTITY (
    SEQUENCE NAME public.post_postfilecontent_id_seq
    START WITH 1
    INCREMENT BY 1
    NO MINVALUE
    NO MAXVALUE
    CACHE 1
);


--
-- Name: post_recipe; Type: TABLE; Schema: public; Owner: postgres
--

CREATE TABLE public.post_recipe (
    id bigint NOT NULL,
    name character varying(200) NOT NULL,
    description text NOT NULL,
    categories character varying(200) NOT NULL,
    photo character varying(100),
    video character varying(100),
    preparation_time character varying(100) NOT NULL,
    cooking_time character varying(100) NOT NULL,
    posted timestamp with time zone NOT NULL,
    user_id integer NOT NULL,
    visibility character varying(10) NOT NULL
);


ALTER TABLE public.post_recipe OWNER TO postgres;

--
-- Name: post_recipe_id_seq; Type: SEQUENCE; Schema: public; Owner: postgres
--

ALTER TABLE public.post_recipe ALTER COLUMN id ADD GENERATED BY DEFAULT AS IDENTITY (
    SEQUENCE NAME public.post_recipe_id_seq
    START WITH 1
    INCREMENT BY 1
    NO MINVALUE
    NO MAXVALUE
    CACHE 1
);


--
-- Name: post_stream; Type: TABLE; Schema: public; Owner: postgres
--

CREATE TABLE public.post_stream (
    id bigint NOT NULL,
    date timestamp with time zone NOT NULL,
    following_id integer,
    user_id integer NOT NULL,
    recipe_id bigint
);


ALTER TABLE public.post_stream OWNER TO postgres;

--
-- Name: post_stream_id_seq; Type: SEQUENCE; Schema: public; Owner: postgres
--

ALTER TABLE public.post_stream ALTER COLUMN id ADD GENERATED BY DEFAULT AS IDENTITY (
    SEQUENCE NAME public.post_stream_id_seq
    START WITH 1
    INCREMENT BY 1
    NO MINVALUE
    NO MAXVALUE
    CACHE 1
);


--
-- Name: post_tag; Type: TABLE; Schema: public; Owner: postgres
--

CREATE TABLE public.post_tag (
    id bigint NOT NULL,
    title character varying(75) NOT NULL,
    slug character varying(50) NOT NULL
);


ALTER TABLE public.post_tag OWNER TO postgres;

--
-- Name: post_tag_id_seq; Type: SEQUENCE; Schema: public; Owner: postgres
--

ALTER TABLE public.post_tag ALTER COLUMN id ADD GENERATED BY DEFAULT AS IDENTITY (
    SEQUENCE NAME public.post_tag_id_seq
    START WITH 1
    INCREMENT BY 1
    NO MINVALUE
    NO MAXVALUE
    CACHE 1
);


--
-- Name: socialaccount_socialaccount; Type: TABLE; Schema: public; Owner: postgres
--

CREATE TABLE public.socialaccount_socialaccount (
    id integer NOT NULL,
    provider character varying(200) NOT NULL,
    uid character varying(191) NOT NULL,
    last_login timestamp with time zone NOT NULL,
    date_joined timestamp with time zone NOT NULL,
    extra_data jsonb NOT NULL,
    user_id integer NOT NULL
);


ALTER TABLE public.socialaccount_socialaccount OWNER TO postgres;

--
-- Name: socialaccount_socialaccount_id_seq; Type: SEQUENCE; Schema: public; Owner: postgres
--

ALTER TABLE public.socialaccount_socialaccount ALTER COLUMN id ADD GENERATED BY DEFAULT AS IDENTITY (
    SEQUENCE NAME public.socialaccount_socialaccount_id_seq
    START WITH 1
    INCREMENT BY 1
    NO MINVALUE
    NO MAXVALUE
    CACHE 1
);


--
-- Name: socialaccount_socialapp; Type: TABLE; Schema: public; Owner: postgres
--

CREATE TABLE public.socialaccount_socialapp (
    id integer NOT NULL,
    provider character varying(30) NOT NULL,
    name character varying(40) NOT NULL,
    client_id character varying(191) NOT NULL,
    secret character varying(191) NOT NULL,
    key character varying(191) NOT NULL,
    provider_id character varying(200) NOT NULL,
    settings jsonb NOT NULL
);


ALTER TABLE public.socialaccount_socialapp OWNER TO postgres;

--
-- Name: socialaccount_socialapp_id_seq; Type: SEQUENCE; Schema: public; Owner: postgres
--

ALTER TABLE public.socialaccount_socialapp ALTER COLUMN id ADD GENERATED BY DEFAULT AS IDENTITY (
    SEQUENCE NAME public.socialaccount_socialapp_id_seq
    START WITH 1
    INCREMENT BY 1
    NO MINVALUE
    NO MAXVALUE
    CACHE 1
);


--
-- Name: socialaccount_socialapp_sites; Type: TABLE; Schema: public; Owner: postgres
--

CREATE TABLE public.socialaccount_socialapp_sites (
    id bigint NOT NULL,
    socialapp_id integer NOT NULL,
    site_id integer NOT NULL
);


ALTER TABLE public.socialaccount_socialapp_sites OWNER TO postgres;

--
-- Name: socialaccount_socialapp_sites_id_seq; Type: SEQUENCE; Schema: public; Owner: postgres
--

ALTER TABLE public.socialaccount_socialapp_sites ALTER COLUMN id ADD GENERATED BY DEFAULT AS IDENTITY (
    SEQUENCE NAME public.socialaccount_socialapp_sites_id_seq
    START WITH 1
    INCREMENT BY 1
    NO MINVALUE
    NO MAXVALUE
    CACHE 1
);


--
-- Name: socialaccount_socialtoken; Type: TABLE; Schema: public; Owner: postgres
--

CREATE TABLE public.socialaccount_socialtoken (
    id integer NOT NULL,
    token text NOT NULL,
    token_secret text NOT NULL,
    expires_at timestamp with time zone,
    account_id integer NOT NULL,
    app_id integer
);


ALTER TABLE public.socialaccount_socialtoken OWNER TO postgres;

--
-- Name: socialaccount_socialtoken_id_seq; Type: SEQUENCE; Schema: public; Owner: postgres
--

ALTER TABLE public.socialaccount_socialtoken ALTER COLUMN id ADD GENERATED BY DEFAULT AS IDENTITY (
    SEQUENCE NAME public.socialaccount_socialtoken_id_seq
    START WITH 1
    INCREMENT BY 1
    NO MINVALUE
    NO MAXVALUE
    CACHE 1
);


--
-- Name: stories_story; Type: TABLE; Schema: public; Owner: postgres
--

CREATE TABLE public.stories_story (
    id bigint NOT NULL,
    content character varying(100) NOT NULL,
    caption text NOT NULL,
    expired boolean NOT NULL,
    posted timestamp with time zone NOT NULL,
    user_id integer NOT NULL
);


ALTER TABLE public.stories_story OWNER TO postgres;

--
-- Name: stories_story_id_seq; Type: SEQUENCE; Schema: public; Owner: postgres
--

ALTER TABLE public.stories_story ALTER COLUMN id ADD GENERATED BY DEFAULT AS IDENTITY (
    SEQUENCE NAME public.stories_story_id_seq
    START WITH 1
    INCREMENT BY 1
    NO MINVALUE
    NO MAXVALUE
    CACHE 1
);


--
-- Name: stories_storystream; Type: TABLE; Schema: public; Owner: postgres
--

CREATE TABLE public.stories_storystream (
    id bigint NOT NULL,
    date timestamp with time zone NOT NULL,
    following_id integer NOT NULL,
    user_id integer NOT NULL
);


ALTER TABLE public.stories_storystream OWNER TO postgres;

--
-- Name: stories_storystream_id_seq; Type: SEQUENCE; Schema: public; Owner: postgres
--

ALTER TABLE public.stories_storystream ALTER COLUMN id ADD GENERATED BY DEFAULT AS IDENTITY (
    SEQUENCE NAME public.stories_storystream_id_seq
    START WITH 1
    INCREMENT BY 1
    NO MINVALUE
    NO MAXVALUE
    CACHE 1
);


--
-- Name: stories_storystream_story; Type: TABLE; Schema: public; Owner: postgres
--

CREATE TABLE public.stories_storystream_story (
    id bigint NOT NULL,
    storystream_id bigint NOT NULL,
    story_id bigint NOT NULL
);


ALTER TABLE public.stories_storystream_story OWNER TO postgres;

--
-- Name: stories_storystream_story_id_seq; Type: SEQUENCE; Schema: public; Owner: postgres
--

ALTER TABLE public.stories_storystream_story ALTER COLUMN id ADD GENERATED BY DEFAULT AS IDENTITY (
    SEQUENCE NAME public.stories_storystream_story_id_seq
    START WITH 1
    INCREMENT BY 1
    NO MINVALUE
    NO MAXVALUE
    CACHE 1
);


--
-- Data for Name: account_emailaddress; Type: TABLE DATA; Schema: public; Owner: postgres
--

COPY public.account_emailaddress (id, email, verified, "primary", user_id) FROM stdin;
\.


--
-- Data for Name: account_emailconfirmation; Type: TABLE DATA; Schema: public; Owner: postgres
--

COPY public.account_emailconfirmation (id, created, sent, key, email_address_id) FROM stdin;
\.


--
-- Data for Name: auth_group; Type: TABLE DATA; Schema: public; Owner: postgres
--

COPY public.auth_group (id, name) FROM stdin;
\.


--
-- Data for Name: auth_group_permissions; Type: TABLE DATA; Schema: public; Owner: postgres
--

COPY public.auth_group_permissions (id, group_id, permission_id) FROM stdin;
\.


--
-- Data for Name: auth_permission; Type: TABLE DATA; Schema: public; Owner: postgres
--

COPY public.auth_permission (id, name, content_type_id, codename) FROM stdin;
1	Can add log entry	1	add_logentry
2	Can change log entry	1	change_logentry
3	Can delete log entry	1	delete_logentry
4	Can view log entry	1	view_logentry
5	Can add permission	2	add_permission
6	Can change permission	2	change_permission
7	Can delete permission	2	delete_permission
8	Can view permission	2	view_permission
9	Can add group	3	add_group
10	Can change group	3	change_group
11	Can delete group	3	delete_group
12	Can view group	3	view_group
13	Can add user	4	add_user
14	Can change user	4	change_user
15	Can delete user	4	delete_user
16	Can view user	4	view_user
17	Can add content type	5	add_contenttype
18	Can change content type	5	change_contenttype
19	Can delete content type	5	delete_contenttype
20	Can view content type	5	view_contenttype
21	Can add session	6	add_session
22	Can change session	6	change_session
23	Can delete session	6	delete_session
24	Can view session	6	view_session
25	Can add site	7	add_site
26	Can change site	7	change_site
27	Can delete site	7	delete_site
28	Can view site	7	view_site
29	Can add email address	8	add_emailaddress
30	Can change email address	8	change_emailaddress
31	Can delete email address	8	delete_emailaddress
32	Can view email address	8	view_emailaddress
33	Can add email confirmation	9	add_emailconfirmation
34	Can change email confirmation	9	change_emailconfirmation
35	Can delete email confirmation	9	delete_emailconfirmation
36	Can view email confirmation	9	view_emailconfirmation
37	Can add social account	10	add_socialaccount
38	Can change social account	10	change_socialaccount
39	Can delete social account	10	delete_socialaccount
40	Can view social account	10	view_socialaccount
41	Can add social application	11	add_socialapp
42	Can change social application	11	change_socialapp
43	Can delete social application	11	delete_socialapp
44	Can view social application	11	view_socialapp
45	Can add social application token	12	add_socialtoken
46	Can change social application token	12	change_socialtoken
47	Can delete social application token	12	delete_socialtoken
48	Can view social application token	12	view_socialtoken
49	Can add follow	13	add_follow
50	Can change follow	13	change_follow
51	Can delete follow	13	delete_follow
52	Can view follow	13	view_follow
53	Can add post	14	add_post
54	Can change post	14	change_post
55	Can delete post	14	delete_post
56	Can view post	14	view_post
57	Can add Tag	15	add_tag
58	Can change Tag	15	change_tag
59	Can delete Tag	15	delete_tag
60	Can view Tag	15	view_tag
61	Can add stream	16	add_stream
62	Can change stream	16	change_stream
63	Can delete stream	16	delete_stream
64	Can view stream	16	view_stream
65	Can add likes	17	add_likes
66	Can change likes	17	change_likes
67	Can delete likes	17	delete_likes
68	Can view likes	17	view_likes
69	Can add post file content	18	add_postfilecontent
70	Can change post file content	18	change_postfilecontent
71	Can delete post file content	18	delete_postfilecontent
72	Can view post file content	18	view_postfilecontent
73	Can add recipe	19	add_recipe
74	Can change recipe	19	change_recipe
75	Can delete recipe	19	delete_recipe
76	Can view recipe	19	view_recipe
77	Can add direction	20	add_direction
78	Can change direction	20	change_direction
79	Can delete direction	20	delete_direction
80	Can view direction	20	view_direction
81	Can add ingredient	21	add_ingredient
82	Can change ingredient	21	change_ingredient
83	Can delete ingredient	21	delete_ingredient
84	Can view ingredient	21	view_ingredient
85	Can add dish	22	add_dish
86	Can change dish	22	change_dish
87	Can delete dish	22	delete_dish
88	Can view dish	22	view_dish
89	Can add notification	23	add_notification
90	Can change notification	23	change_notification
91	Can delete notification	23	delete_notification
92	Can view notification	23	view_notification
93	Can add story	24	add_story
94	Can change story	24	change_story
95	Can delete story	24	delete_story
96	Can view story	24	view_story
97	Can add story stream	25	add_storystream
98	Can change story stream	25	change_storystream
99	Can delete story stream	25	delete_storystream
100	Can view story stream	25	view_storystream
101	Can add crontab	26	add_crontabschedule
102	Can change crontab	26	change_crontabschedule
103	Can delete crontab	26	delete_crontabschedule
104	Can view crontab	26	view_crontabschedule
105	Can add interval	27	add_intervalschedule
106	Can change interval	27	change_intervalschedule
107	Can delete interval	27	delete_intervalschedule
108	Can view interval	27	view_intervalschedule
109	Can add periodic task	28	add_periodictask
110	Can change periodic task	28	change_periodictask
111	Can delete periodic task	28	delete_periodictask
112	Can view periodic task	28	view_periodictask
113	Can add periodic tasks	29	add_periodictasks
114	Can change periodic tasks	29	change_periodictasks
115	Can delete periodic tasks	29	delete_periodictasks
116	Can view periodic tasks	29	view_periodictasks
117	Can add solar event	30	add_solarschedule
118	Can change solar event	30	change_solarschedule
119	Can delete solar event	30	delete_solarschedule
120	Can view solar event	30	view_solarschedule
121	Can add clocked	31	add_clockedschedule
122	Can change clocked	31	change_clockedschedule
123	Can delete clocked	31	delete_clockedschedule
124	Can view clocked	31	view_clockedschedule
\.


--
-- Data for Name: auth_user; Type: TABLE DATA; Schema: public; Owner: postgres
--

COPY public.auth_user (id, password, last_login, is_superuser, username, first_name, last_name, email, is_staff, is_active, date_joined) FROM stdin;
11	pbkdf2_sha256$720000$YjNHz4O6BYqg1xSvyiqkyW$uNqB2OsuvgNSvzFiEib5MqxrET/YnZA6rIPURH4lTT0=	\N	f	user1			user1@gmail.com	f	t	2024-05-22 22:35:41.860724+05:45
12	pbkdf2_sha256$720000$n1d8Izmp549chZGxSKraIH$dfenxlb5oX12LvvpoP1HABsYouQCzJ4O1Xs+rdCogXc=	\N	f	user2			user2@gmail.com	f	t	2024-05-22 22:36:22.323761+05:45
13	pbkdf2_sha256$720000$BeM8I5CmXCj21fCRZgScpl$Nnksf4iqLnSoKp/LbF/Jp/Ql/tt9pt3MAmlc7FRUZPY=	\N	f	user3			user3@gmail.com	f	t	2024-05-22 22:36:57.297248+05:45
2	pbkdf2_sha256$720000$pNOCoS89iQoHoZFXh1nt7P$a+n85lYFaLoDAjA/4RVLbUiTfHgjM4it3nc6pkof3Zo=	2024-05-25 14:26:42.266766+05:45	t	admin				t	t	2024-05-08 21:08:50.929012+05:45
\.


--
-- Data for Name: auth_user_groups; Type: TABLE DATA; Schema: public; Owner: postgres
--

COPY public.auth_user_groups (id, user_id, group_id) FROM stdin;
\.


--
-- Data for Name: auth_user_user_permissions; Type: TABLE DATA; Schema: public; Owner: postgres
--

COPY public.auth_user_user_permissions (id, user_id, permission_id) FROM stdin;
\.


--
-- Data for Name: django_admin_log; Type: TABLE DATA; Schema: public; Owner: postgres
--

COPY public.django_admin_log (id, action_time, object_id, object_repr, action_flag, change_message, content_type_id, user_id) FROM stdin;
1	2024-05-08 21:31:06.654142+05:45	1	localhost:8000	2	[{"changed": {"fields": ["Domain name", "Display name"]}}]	7	2
2	2024-05-08 21:52:00.796539+05:45	1	Google SSO	1	[{"added": {}}]	11	2
3	2024-05-09 11:18:54.111329+05:45	3	shishir	3		4	2
4	2024-05-09 11:19:50.379646+05:45	4	shishir	3		4	2
5	2024-05-09 12:29:00.40293+05:45	5	shishir	3		4	2
6	2024-05-20 17:50:10.145574+05:45	2	Facebook SSO	1	[{"added": {}}]	11	2
7	2024-05-20 18:25:54.37787+05:45	2	Facebook SSO	2	[]	11	2
8	2024-05-20 18:26:07.229604+05:45	1	Google SSO	2	[]	11	2
9	2024-05-20 22:27:59.32007+05:45	7	shish	3		4	2
10	2024-05-20 22:45:14.280569+05:45	6	shishir	3		4	2
11	2024-05-22 22:34:20.067584+05:45	8	shish	3		4	2
12	2024-05-22 22:34:20.247975+05:45	10	shishir	3		4	2
13	2024-05-22 22:34:20.250025+05:45	9	sid	3		4	2
14	2024-05-22 22:34:31.767106+05:45	1	CookeryKaa	3		4	2
15	2024-05-22 22:49:59.529607+05:45	1	Follow object (1)	1	[{"added": {}}]	13	2
16	2024-05-22 22:50:10.80879+05:45	2	Follow object (2)	1	[{"added": {}}]	13	2
17	2024-05-28 21:58:01.066042+05:45	14	shishir	3		4	2
18	2024-05-29 08:35:37.365562+05:45	1	Step 1 for bhuteko bhaat	3		20	2
19	2024-05-29 08:35:49.579286+05:45	2	2g of gheu	3		21	2
20	2024-05-29 08:35:49.579286+05:45	1	200g of bhaat	3		21	2
\.


--
-- Data for Name: django_celery_beat_clockedschedule; Type: TABLE DATA; Schema: public; Owner: postgres
--

COPY public.django_celery_beat_clockedschedule (id, clocked_time) FROM stdin;
\.


--
-- Data for Name: django_celery_beat_crontabschedule; Type: TABLE DATA; Schema: public; Owner: postgres
--

COPY public.django_celery_beat_crontabschedule (id, minute, hour, day_of_week, day_of_month, month_of_year, timezone) FROM stdin;
1	0	4	*	*	*	UTC
\.


--
-- Data for Name: django_celery_beat_intervalschedule; Type: TABLE DATA; Schema: public; Owner: postgres
--

COPY public.django_celery_beat_intervalschedule (id, every, period) FROM stdin;
\.


--
-- Data for Name: django_celery_beat_periodictask; Type: TABLE DATA; Schema: public; Owner: postgres
--

COPY public.django_celery_beat_periodictask (id, name, task, args, kwargs, queue, exchange, routing_key, expires, enabled, last_run_at, total_run_count, date_changed, description, crontab_id, interval_id, solar_id, one_off, start_time, priority, headers, clocked_id, expire_seconds) FROM stdin;
1	celery.backend_cleanup	celery.backend_cleanup	[]	{}	\N	\N	\N	\N	t	\N	0	2024-05-29 17:34:04.323785+05:45		1	\N	\N	f	\N	\N	{}	\N	43200
\.


--
-- Data for Name: django_celery_beat_periodictasks; Type: TABLE DATA; Schema: public; Owner: postgres
--

COPY public.django_celery_beat_periodictasks (ident, last_update) FROM stdin;
1	2024-05-29 17:34:04.323785+05:45
\.


--
-- Data for Name: django_celery_beat_solarschedule; Type: TABLE DATA; Schema: public; Owner: postgres
--

COPY public.django_celery_beat_solarschedule (id, event, latitude, longitude) FROM stdin;
\.


--
-- Data for Name: django_content_type; Type: TABLE DATA; Schema: public; Owner: postgres
--

COPY public.django_content_type (id, app_label, model) FROM stdin;
1	admin	logentry
2	auth	permission
3	auth	group
4	auth	user
5	contenttypes	contenttype
6	sessions	session
7	sites	site
8	account	emailaddress
9	account	emailconfirmation
10	socialaccount	socialaccount
11	socialaccount	socialapp
12	socialaccount	socialtoken
13	post	follow
14	post	post
15	post	tag
16	post	stream
17	post	likes
18	post	postfilecontent
19	post	recipe
20	post	direction
21	post	ingredient
22	post	dish
23	notifications	notification
24	stories	story
25	stories	storystream
26	django_celery_beat	crontabschedule
27	django_celery_beat	intervalschedule
28	django_celery_beat	periodictask
29	django_celery_beat	periodictasks
30	django_celery_beat	solarschedule
31	django_celery_beat	clockedschedule
\.


--
-- Data for Name: django_migrations; Type: TABLE DATA; Schema: public; Owner: postgres
--

COPY public.django_migrations (id, app, name, applied) FROM stdin;
1	contenttypes	0001_initial	2024-03-23 14:42:04.707874+05:45
2	auth	0001_initial	2024-03-23 14:42:04.795854+05:45
3	admin	0001_initial	2024-03-23 14:42:04.819477+05:45
4	admin	0002_logentry_remove_auto_add	2024-03-23 14:42:04.823489+05:45
5	admin	0003_logentry_add_action_flag_choices	2024-03-23 14:42:04.824488+05:45
6	contenttypes	0002_remove_content_type_name	2024-03-23 14:42:04.841256+05:45
7	auth	0002_alter_permission_name_max_length	2024-03-23 14:42:04.865726+05:45
8	auth	0003_alter_user_email_max_length	2024-03-23 14:42:04.873727+05:45
9	auth	0004_alter_user_username_opts	2024-03-23 14:42:04.877878+05:45
10	auth	0005_alter_user_last_login_null	2024-03-23 14:42:04.882885+05:45
11	auth	0006_require_contenttypes_0002	2024-03-23 14:42:04.88488+05:45
12	auth	0007_alter_validators_add_error_messages	2024-03-23 14:42:04.890894+05:45
13	auth	0008_alter_user_username_max_length	2024-03-23 14:42:04.905881+05:45
14	auth	0009_alter_user_last_name_max_length	2024-03-23 14:42:04.910895+05:45
15	auth	0010_alter_group_name_max_length	2024-03-23 14:42:04.918385+05:45
16	auth	0011_update_proxy_permissions	2024-03-23 14:42:04.926028+05:45
17	auth	0012_alter_user_first_name_max_length	2024-03-23 14:42:04.931028+05:45
18	sessions	0001_initial	2024-03-23 14:42:04.945216+05:45
19	account	0001_initial	2024-03-24 18:39:08.56002+05:45
20	account	0002_email_max_length	2024-03-24 18:39:08.573332+05:45
21	account	0003_alter_emailaddress_create_unique_verified_email	2024-03-24 18:39:08.577107+05:45
22	account	0004_alter_emailaddress_drop_unique_email	2024-03-24 18:39:08.614696+05:45
23	account	0005_emailaddress_idx_upper_email	2024-03-24 18:39:08.630803+05:45
24	sites	0001_initial	2024-03-24 18:39:08.633804+05:45
25	sites	0002_alter_domain_unique	2024-03-24 18:39:08.642177+05:45
26	socialaccount	0001_initial	2024-03-24 18:39:08.706877+05:45
27	socialaccount	0002_token_max_lengths	2024-03-24 18:39:08.723541+05:45
28	socialaccount	0003_extra_data_default_dict	2024-03-24 18:39:08.738419+05:45
29	socialaccount	0004_app_provider_id_settings	2024-03-24 18:39:08.756013+05:45
30	socialaccount	0005_socialtoken_nullable_app	2024-03-24 18:39:08.765684+05:45
31	socialaccount	0006_alter_socialaccount_extra_data	2024-03-24 18:39:08.790344+05:45
32	post	0001_initial	2024-05-22 22:32:18.711685+05:45
33	post	0002_recipe_remove_stream_post_remove_likes_post_and_more	2024-05-28 19:32:40.075604+05:45
34	post	0003_dish_recipe_posted	2024-05-28 20:14:17.4288+05:45
35	post	0004_recipe_user_recipe_visibility	2024-05-29 08:20:59.645301+05:45
36	django_celery_beat	0001_initial	2024-05-29 16:47:21.719312+05:45
37	django_celery_beat	0002_auto_20161118_0346	2024-05-29 16:47:21.749242+05:45
38	django_celery_beat	0003_auto_20161209_0049	2024-05-29 16:47:21.762246+05:45
39	django_celery_beat	0004_auto_20170221_0000	2024-05-29 16:47:21.772086+05:45
40	django_celery_beat	0005_add_solarschedule_events_choices	2024-05-29 16:47:21.776086+05:45
41	django_celery_beat	0006_auto_20180322_0932	2024-05-29 16:47:21.812068+05:45
42	django_celery_beat	0007_auto_20180521_0826	2024-05-29 16:47:21.818126+05:45
43	django_celery_beat	0008_auto_20180914_1922	2024-05-29 16:47:21.84079+05:45
44	django_celery_beat	0006_auto_20180210_1226	2024-05-29 16:47:21.853395+05:45
45	django_celery_beat	0006_periodictask_priority	2024-05-29 16:47:21.862485+05:45
46	django_celery_beat	0009_periodictask_headers	2024-05-29 16:47:21.867657+05:45
47	django_celery_beat	0010_auto_20190429_0326	2024-05-29 16:47:21.982606+05:45
48	django_celery_beat	0011_auto_20190508_0153	2024-05-29 16:47:21.991814+05:45
49	django_celery_beat	0012_periodictask_expire_seconds	2024-05-29 16:47:22.007066+05:45
50	django_celery_beat	0013_auto_20200609_0727	2024-05-29 16:47:22.013802+05:45
51	django_celery_beat	0014_remove_clockedschedule_enabled	2024-05-29 16:47:22.017403+05:45
52	django_celery_beat	0015_edit_solarschedule_events_choices	2024-05-29 16:47:22.017403+05:45
53	django_celery_beat	0016_alter_crontabschedule_timezone	2024-05-29 16:47:22.025247+05:45
54	django_celery_beat	0017_alter_crontabschedule_month_of_year	2024-05-29 16:47:22.032334+05:45
55	django_celery_beat	0018_improve_crontab_helptext	2024-05-29 16:47:22.034396+05:45
56	notifications	0001_initial	2024-05-29 16:47:22.066982+05:45
57	stories	0001_initial	2024-05-29 16:47:22.143334+05:45
\.


--
-- Data for Name: django_session; Type: TABLE DATA; Schema: public; Owner: postgres
--

COPY public.django_session (session_key, session_data, expire_date) FROM stdin;
i4n7n79rit2bbw177izjlns9gbmul7u3	.eJxVjEEOwiAQRe_C2pABKRSX7j0Dmc4MUjUlKe3KeHdD0oVu_3vvv1XCfStpb7KmmdVFGXX63Sakpywd8AOXe9VUl22dJ90VfdCmb5XldT3cv4OCrfTaucwmnAnFBooBCXymMYJIBGuN95QFgyceMhgGcmgITXYwgOcR1ecL_ZI4fg:1roNP2:FZgeavnatWM30cShUvwNJVYdPXbJ3v9Z4ZeKsiZTAoE	2024-04-07 18:41:44.735794+05:45
nds5g8exd8maqxnhjxemtq0kqsfrrlc9	.eJxVjsFqwzAQRP9lz8EI2ZWsHHMstJeQQlOKWY2U2I0jGUu-NOTfK5cc2tuy7-3s3KjjJffdkvzcDY62JGnzd2cZFx9W4L44nGOFGPI82GpVqgdN1Ut0ftw93H8BPae-XHvhgMa2cEqxM7apoWo4nGCgG10btkJoI1swGq_sSUot1ZMWTqBtpCmhKWLgkYG4hNylzNnT9uNG0xzhUypPxngewmoiToVRGX-LTDzzdRXovqH33f74epiebb__lse3A33efwDG-Vbw:1sAmzx:-m1MhL54YCKy2CTHtgmi3wzkMGNOHcCZSI-KLsy7SNo	2024-06-08 14:28:29.780264+05:45
\.


--
-- Data for Name: django_site; Type: TABLE DATA; Schema: public; Owner: postgres
--

COPY public.django_site (id, domain, name) FROM stdin;
1	localhost:8000	localhost
\.


--
-- Data for Name: notifications_notification; Type: TABLE DATA; Schema: public; Owner: postgres
--

COPY public.notifications_notification (id, notification_type, text_preview, date, is_seen, post_id, sender_id, user_id) FROM stdin;
\.


--
-- Data for Name: post_direction; Type: TABLE DATA; Schema: public; Owner: postgres
--

COPY public.post_direction (id, step, photo, recipe_id) FROM stdin;
2	gheu halney	recipes/steps/car_AHgZJD3.jpg	2
3	bhutney		2
4	hgfhgf	recipes/steps/electric_car.jpg	3
5	gghh		3
6	take egg	recipes/steps/tesla-fans-schweiz-7_OQMgoGzDw-unsplash.jpeg.jpg	4
7	take oil in the pan		4
8	fry it		4
9	mix water and milk	recipes/steps/car_Al5Lczq.jpg	5
10	boil it	recipes/steps/tesla-fans-schweiz-7_OQMgoGzDw-unsplash.jpeg_b5pLumB.jpg	5
\.


--
-- Data for Name: post_dish; Type: TABLE DATA; Schema: public; Owner: postgres
--

COPY public.post_dish (id, name) FROM stdin;
\.


--
-- Data for Name: post_follow; Type: TABLE DATA; Schema: public; Owner: postgres
--

COPY public.post_follow (id, follower_id, following_id) FROM stdin;
1	12	11
2	13	11
\.


--
-- Data for Name: post_ingredient; Type: TABLE DATA; Schema: public; Owner: postgres
--

COPY public.post_ingredient (id, name, quantity, recipe_id) FROM stdin;
3	bhaat	200g	2
4	gheu	2g	2
5	aalu	2kg	3
6	nun	2spoon	3
7	egg	2	4
8	oil	100ml	4
9	onion	50g	4
10	milk	1l	5
11	water	0.5l	5
12	sugar	2 tabelspoon	5
\.


--
-- Data for Name: post_likes; Type: TABLE DATA; Schema: public; Owner: postgres
--

COPY public.post_likes (id, user_id, recipe_id) FROM stdin;
\.


--
-- Data for Name: post_postfilecontent; Type: TABLE DATA; Schema: public; Owner: postgres
--

COPY public.post_postfilecontent (id, file, user_id) FROM stdin;
\.


--
-- Data for Name: post_recipe; Type: TABLE DATA; Schema: public; Owner: postgres
--

COPY public.post_recipe (id, name, description, categories, photo, video, preparation_time, cooking_time, posted, user_id, visibility) FROM stdin;
1	bhuteko bhaat	ekdamai mitho	lunch	recipes/photos/icecream_jQnvtpb.jpeg		2min	5min	2024-05-29 08:22:26.82749+05:45	2	Public
2	bhuteko bhaat	ekdamai mitho	lunch	recipes/photos/icecream_p71Y4ML.jpeg		2min	5min	2024-05-29 08:40:32.378874+05:45	2	Public
3	aalu	very nice	dinner		recipes/videos/3_-_Opening_A_File.mp4	20min	30min	2024-05-29 08:56:50.906459+05:45	2	Public
4	omelette	sexy	breakfast	recipes/photos/sukunaa.jpg		3min	5min	2024-05-30 11:17:15.92812+05:45	2	Public
5	tea	very good	all the time	recipes/photos/gojo_khutta.jpg		2min	7min	2024-05-30 11:41:06.296907+05:45	2	Public
\.


--
-- Data for Name: post_stream; Type: TABLE DATA; Schema: public; Owner: postgres
--

COPY public.post_stream (id, date, following_id, user_id, recipe_id) FROM stdin;
\.


--
-- Data for Name: post_tag; Type: TABLE DATA; Schema: public; Owner: postgres
--

COPY public.post_tag (id, title, slug) FROM stdin;
\.


--
-- Data for Name: socialaccount_socialaccount; Type: TABLE DATA; Schema: public; Owner: postgres
--

COPY public.socialaccount_socialaccount (id, provider, uid, last_login, date_joined, extra_data, user_id) FROM stdin;
\.


--
-- Data for Name: socialaccount_socialapp; Type: TABLE DATA; Schema: public; Owner: postgres
--

COPY public.socialaccount_socialapp (id, provider, name, client_id, secret, key, provider_id, settings) FROM stdin;
2	facebook	Facebook SSO	429148383310855	a4a42fbccd1419fdfc633f741eaa1746			{}
1	google	Google SSO	528666864512-omvsilck8ubeke39u6nala1ho9j5urg3.apps.googleusercontent.com	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			{}
\.


--
-- Data for Name: socialaccount_socialapp_sites; Type: TABLE DATA; Schema: public; Owner: postgres
--

COPY public.socialaccount_socialapp_sites (id, socialapp_id, site_id) FROM stdin;
1	1	1
2	2	1
\.


--
-- Data for Name: socialaccount_socialtoken; Type: TABLE DATA; Schema: public; Owner: postgres
--

COPY public.socialaccount_socialtoken (id, token, token_secret, expires_at, account_id, app_id) FROM stdin;
\.


--
-- Data for Name: stories_story; Type: TABLE DATA; Schema: public; Owner: postgres
--

COPY public.stories_story (id, content, caption, expired, posted, user_id) FROM stdin;
\.


--
-- Data for Name: stories_storystream; Type: TABLE DATA; Schema: public; Owner: postgres
--

COPY public.stories_storystream (id, date, following_id, user_id) FROM stdin;
\.


--
-- Data for Name: stories_storystream_story; Type: TABLE DATA; Schema: public; Owner: postgres
--

COPY public.stories_storystream_story (id, storystream_id, story_id) FROM stdin;
\.


--
-- Name: account_emailaddress_id_seq; Type: SEQUENCE SET; Schema: public; Owner: postgres
--

SELECT pg_catalog.setval('public.account_emailaddress_id_seq', 6, true);


--
-- Name: account_emailconfirmation_id_seq; Type: SEQUENCE SET; Schema: public; Owner: postgres
--

SELECT pg_catalog.setval('public.account_emailconfirmation_id_seq', 1, false);


--
-- Name: auth_group_id_seq; Type: SEQUENCE SET; Schema: public; Owner: postgres
--

SELECT pg_catalog.setval('public.auth_group_id_seq', 1, false);


--
-- Name: auth_group_permissions_id_seq; Type: SEQUENCE SET; Schema: public; Owner: postgres
--

SELECT pg_catalog.setval('public.auth_group_permissions_id_seq', 1, false);


--
-- Name: auth_permission_id_seq; Type: SEQUENCE SET; Schema: public; Owner: postgres
--

SELECT pg_catalog.setval('public.auth_permission_id_seq', 124, true);


--
-- Name: auth_user_groups_id_seq; Type: SEQUENCE SET; Schema: public; Owner: postgres
--

SELECT pg_catalog.setval('public.auth_user_groups_id_seq', 1, false);


--
-- Name: auth_user_id_seq; Type: SEQUENCE SET; Schema: public; Owner: postgres
--

SELECT pg_catalog.setval('public.auth_user_id_seq', 14, true);


--
-- Name: auth_user_user_permissions_id_seq; Type: SEQUENCE SET; Schema: public; Owner: postgres
--

SELECT pg_catalog.setval('public.auth_user_user_permissions_id_seq', 1, false);


--
-- Name: django_admin_log_id_seq; Type: SEQUENCE SET; Schema: public; Owner: postgres
--

SELECT pg_catalog.setval('public.django_admin_log_id_seq', 20, true);


--
-- Name: django_celery_beat_clockedschedule_id_seq; Type: SEQUENCE SET; Schema: public; Owner: postgres
--

SELECT pg_catalog.setval('public.django_celery_beat_clockedschedule_id_seq', 1, false);


--
-- Name: django_celery_beat_crontabschedule_id_seq; Type: SEQUENCE SET; Schema: public; Owner: postgres
--

SELECT pg_catalog.setval('public.django_celery_beat_crontabschedule_id_seq', 1, true);


--
-- Name: django_celery_beat_intervalschedule_id_seq; Type: SEQUENCE SET; Schema: public; Owner: postgres
--

SELECT pg_catalog.setval('public.django_celery_beat_intervalschedule_id_seq', 1, false);


--
-- Name: django_celery_beat_periodictask_id_seq; Type: SEQUENCE SET; Schema: public; Owner: postgres
--

SELECT pg_catalog.setval('public.django_celery_beat_periodictask_id_seq', 1, true);


--
-- Name: django_celery_beat_solarschedule_id_seq; Type: SEQUENCE SET; Schema: public; Owner: postgres
--

SELECT pg_catalog.setval('public.django_celery_beat_solarschedule_id_seq', 1, false);


--
-- Name: django_content_type_id_seq; Type: SEQUENCE SET; Schema: public; Owner: postgres
--

SELECT pg_catalog.setval('public.django_content_type_id_seq', 31, true);


--
-- Name: django_migrations_id_seq; Type: SEQUENCE SET; Schema: public; Owner: postgres
--

SELECT pg_catalog.setval('public.django_migrations_id_seq', 57, true);


--
-- Name: django_site_id_seq; Type: SEQUENCE SET; Schema: public; Owner: postgres
--

SELECT pg_catalog.setval('public.django_site_id_seq', 1, true);


--
-- Name: notifications_notification_id_seq; Type: SEQUENCE SET; Schema: public; Owner: postgres
--

SELECT pg_catalog.setval('public.notifications_notification_id_seq', 1, false);


--
-- Name: post_direction_id_seq; Type: SEQUENCE SET; Schema: public; Owner: postgres
--

SELECT pg_catalog.setval('public.post_direction_id_seq', 10, true);


--
-- Name: post_dish_id_seq; Type: SEQUENCE SET; Schema: public; Owner: postgres
--

SELECT pg_catalog.setval('public.post_dish_id_seq', 1, false);


--
-- Name: post_follow_id_seq; Type: SEQUENCE SET; Schema: public; Owner: postgres
--

SELECT pg_catalog.setval('public.post_follow_id_seq', 2, true);


--
-- Name: post_ingredient_id_seq; Type: SEQUENCE SET; Schema: public; Owner: postgres
--

SELECT pg_catalog.setval('public.post_ingredient_id_seq', 12, true);


--
-- Name: post_likes_id_seq; Type: SEQUENCE SET; Schema: public; Owner: postgres
--

SELECT pg_catalog.setval('public.post_likes_id_seq', 1, false);


--
-- Name: post_postfilecontent_id_seq; Type: SEQUENCE SET; Schema: public; Owner: postgres
--

SELECT pg_catalog.setval('public.post_postfilecontent_id_seq', 1, false);


--
-- Name: post_recipe_id_seq; Type: SEQUENCE SET; Schema: public; Owner: postgres
--

SELECT pg_catalog.setval('public.post_recipe_id_seq', 5, true);


--
-- Name: post_stream_id_seq; Type: SEQUENCE SET; Schema: public; Owner: postgres
--

SELECT pg_catalog.setval('public.post_stream_id_seq', 1, false);


--
-- Name: post_tag_id_seq; Type: SEQUENCE SET; Schema: public; Owner: postgres
--

SELECT pg_catalog.setval('public.post_tag_id_seq', 1, false);


--
-- Name: socialaccount_socialaccount_id_seq; Type: SEQUENCE SET; Schema: public; Owner: postgres
--

SELECT pg_catalog.setval('public.socialaccount_socialaccount_id_seq', 6, true);


--
-- Name: socialaccount_socialapp_id_seq; Type: SEQUENCE SET; Schema: public; Owner: postgres
--

SELECT pg_catalog.setval('public.socialaccount_socialapp_id_seq', 2, true);


--
-- Name: socialaccount_socialapp_sites_id_seq; Type: SEQUENCE SET; Schema: public; Owner: postgres
--

SELECT pg_catalog.setval('public.socialaccount_socialapp_sites_id_seq', 2, true);


--
-- Name: socialaccount_socialtoken_id_seq; Type: SEQUENCE SET; Schema: public; Owner: postgres
--

SELECT pg_catalog.setval('public.socialaccount_socialtoken_id_seq', 1, false);


--
-- Name: stories_story_id_seq; Type: SEQUENCE SET; Schema: public; Owner: postgres
--

SELECT pg_catalog.setval('public.stories_story_id_seq', 1, false);


--
-- Name: stories_storystream_id_seq; Type: SEQUENCE SET; Schema: public; Owner: postgres
--

SELECT pg_catalog.setval('public.stories_storystream_id_seq', 1, false);


--
-- Name: stories_storystream_story_id_seq; Type: SEQUENCE SET; Schema: public; Owner: postgres
--

SELECT pg_catalog.setval('public.stories_storystream_story_id_seq', 1, false);


--
-- Name: account_emailaddress account_emailaddress_pkey; Type: CONSTRAINT; Schema: public; Owner: postgres
--

ALTER TABLE ONLY public.account_emailaddress
    ADD CONSTRAINT account_emailaddress_pkey PRIMARY KEY (id);


--
-- Name: account_emailaddress account_emailaddress_user_id_email_987c8728_uniq; Type: CONSTRAINT; Schema: public; Owner: postgres
--

ALTER TABLE ONLY public.account_emailaddress
    ADD CONSTRAINT account_emailaddress_user_id_email_987c8728_uniq UNIQUE (user_id, email);


--
-- Name: account_emailconfirmation account_emailconfirmation_key_key; Type: CONSTRAINT; Schema: public; Owner: postgres
--

ALTER TABLE ONLY public.account_emailconfirmation
    ADD CONSTRAINT account_emailconfirmation_key_key UNIQUE (key);


--
-- Name: account_emailconfirmation account_emailconfirmation_pkey; Type: CONSTRAINT; Schema: public; Owner: postgres
--

ALTER TABLE ONLY public.account_emailconfirmation
    ADD CONSTRAINT account_emailconfirmation_pkey PRIMARY KEY (id);


--
-- Name: auth_group auth_group_name_key; Type: CONSTRAINT; Schema: public; Owner: postgres
--

ALTER TABLE ONLY public.auth_group
    ADD CONSTRAINT auth_group_name_key UNIQUE (name);


--
-- Name: auth_group_permissions auth_group_permissions_group_id_permission_id_0cd325b0_uniq; Type: CONSTRAINT; Schema: public; Owner: postgres
--

ALTER TABLE ONLY public.auth_group_permissions
    ADD CONSTRAINT auth_group_permissions_group_id_permission_id_0cd325b0_uniq UNIQUE (group_id, permission_id);


--
-- Name: auth_group_permissions auth_group_permissions_pkey; Type: CONSTRAINT; Schema: public; Owner: postgres
--

ALTER TABLE ONLY public.auth_group_permissions
    ADD CONSTRAINT auth_group_permissions_pkey PRIMARY KEY (id);


--
-- Name: auth_group auth_group_pkey; Type: CONSTRAINT; Schema: public; Owner: postgres
--

ALTER TABLE ONLY public.auth_group
    ADD CONSTRAINT auth_group_pkey PRIMARY KEY (id);


--
-- Name: auth_permission auth_permission_content_type_id_codename_01ab375a_uniq; Type: CONSTRAINT; Schema: public; Owner: postgres
--

ALTER TABLE ONLY public.auth_permission
    ADD CONSTRAINT auth_permission_content_type_id_codename_01ab375a_uniq UNIQUE (content_type_id, codename);


--
-- Name: auth_permission auth_permission_pkey; Type: CONSTRAINT; Schema: public; Owner: postgres
--

ALTER TABLE ONLY public.auth_permission
    ADD CONSTRAINT auth_permission_pkey PRIMARY KEY (id);


--
-- Name: auth_user_groups auth_user_groups_pkey; Type: CONSTRAINT; Schema: public; Owner: postgres
--

ALTER TABLE ONLY public.auth_user_groups
    ADD CONSTRAINT auth_user_groups_pkey PRIMARY KEY (id);


--
-- Name: auth_user_groups auth_user_groups_user_id_group_id_94350c0c_uniq; Type: CONSTRAINT; Schema: public; Owner: postgres
--

ALTER TABLE ONLY public.auth_user_groups
    ADD CONSTRAINT auth_user_groups_user_id_group_id_94350c0c_uniq UNIQUE (user_id, group_id);


--
-- Name: auth_user auth_user_pkey; Type: CONSTRAINT; Schema: public; Owner: postgres
--

ALTER TABLE ONLY public.auth_user
    ADD CONSTRAINT auth_user_pkey PRIMARY KEY (id);


--
-- Name: auth_user_user_permissions auth_user_user_permissions_pkey; Type: CONSTRAINT; Schema: public; Owner: postgres
--

ALTER TABLE ONLY public.auth_user_user_permissions
    ADD CONSTRAINT auth_user_user_permissions_pkey PRIMARY KEY (id);


--
-- Name: auth_user_user_permissions auth_user_user_permissions_user_id_permission_id_14a6b632_uniq; Type: CONSTRAINT; Schema: public; Owner: postgres
--

ALTER TABLE ONLY public.auth_user_user_permissions
    ADD CONSTRAINT auth_user_user_permissions_user_id_permission_id_14a6b632_uniq UNIQUE (user_id, permission_id);


--
-- Name: auth_user auth_user_username_key; Type: CONSTRAINT; Schema: public; Owner: postgres
--

ALTER TABLE ONLY public.auth_user
    ADD CONSTRAINT auth_user_username_key UNIQUE (username);


--
-- Name: django_admin_log django_admin_log_pkey; Type: CONSTRAINT; Schema: public; Owner: postgres
--

ALTER TABLE ONLY public.django_admin_log
    ADD CONSTRAINT django_admin_log_pkey PRIMARY KEY (id);


--
-- Name: django_celery_beat_clockedschedule django_celery_beat_clockedschedule_pkey; Type: CONSTRAINT; Schema: public; Owner: postgres
--

ALTER TABLE ONLY public.django_celery_beat_clockedschedule
    ADD CONSTRAINT django_celery_beat_clockedschedule_pkey PRIMARY KEY (id);


--
-- Name: django_celery_beat_crontabschedule django_celery_beat_crontabschedule_pkey; Type: CONSTRAINT; Schema: public; Owner: postgres
--

ALTER TABLE ONLY public.django_celery_beat_crontabschedule
    ADD CONSTRAINT django_celery_beat_crontabschedule_pkey PRIMARY KEY (id);


--
-- Name: django_celery_beat_intervalschedule django_celery_beat_intervalschedule_pkey; Type: CONSTRAINT; Schema: public; Owner: postgres
--

ALTER TABLE ONLY public.django_celery_beat_intervalschedule
    ADD CONSTRAINT django_celery_beat_intervalschedule_pkey PRIMARY KEY (id);


--
-- Name: django_celery_beat_periodictask django_celery_beat_periodictask_name_key; Type: CONSTRAINT; Schema: public; Owner: postgres
--

ALTER TABLE ONLY public.django_celery_beat_periodictask
    ADD CONSTRAINT django_celery_beat_periodictask_name_key UNIQUE (name);


--
-- Name: django_celery_beat_periodictask django_celery_beat_periodictask_pkey; Type: CONSTRAINT; Schema: public; Owner: postgres
--

ALTER TABLE ONLY public.django_celery_beat_periodictask
    ADD CONSTRAINT django_celery_beat_periodictask_pkey PRIMARY KEY (id);


--
-- Name: django_celery_beat_periodictasks django_celery_beat_periodictasks_pkey; Type: CONSTRAINT; Schema: public; Owner: postgres
--

ALTER TABLE ONLY public.django_celery_beat_periodictasks
    ADD CONSTRAINT django_celery_beat_periodictasks_pkey PRIMARY KEY (ident);


--
-- Name: django_celery_beat_solarschedule django_celery_beat_solar_event_latitude_longitude_ba64999a_uniq; Type: CONSTRAINT; Schema: public; Owner: postgres
--

ALTER TABLE ONLY public.django_celery_beat_solarschedule
    ADD CONSTRAINT django_celery_beat_solar_event_latitude_longitude_ba64999a_uniq UNIQUE (event, latitude, longitude);


--
-- Name: django_celery_beat_solarschedule django_celery_beat_solarschedule_pkey; Type: CONSTRAINT; Schema: public; Owner: postgres
--

ALTER TABLE ONLY public.django_celery_beat_solarschedule
    ADD CONSTRAINT django_celery_beat_solarschedule_pkey PRIMARY KEY (id);


--
-- Name: django_content_type django_content_type_app_label_model_76bd3d3b_uniq; Type: CONSTRAINT; Schema: public; Owner: postgres
--

ALTER TABLE ONLY public.django_content_type
    ADD CONSTRAINT django_content_type_app_label_model_76bd3d3b_uniq UNIQUE (app_label, model);


--
-- Name: django_content_type django_content_type_pkey; Type: CONSTRAINT; Schema: public; Owner: postgres
--

ALTER TABLE ONLY public.django_content_type
    ADD CONSTRAINT django_content_type_pkey PRIMARY KEY (id);


--
-- Name: django_migrations django_migrations_pkey; Type: CONSTRAINT; Schema: public; Owner: postgres
--

ALTER TABLE ONLY public.django_migrations
    ADD CONSTRAINT django_migrations_pkey PRIMARY KEY (id);


--
-- Name: django_session django_session_pkey; Type: CONSTRAINT; Schema: public; Owner: postgres
--

ALTER TABLE ONLY public.django_session
    ADD CONSTRAINT django_session_pkey PRIMARY KEY (session_key);


--
-- Name: django_site django_site_domain_a2e37b91_uniq; Type: CONSTRAINT; Schema: public; Owner: postgres
--

ALTER TABLE ONLY public.django_site
    ADD CONSTRAINT django_site_domain_a2e37b91_uniq UNIQUE (domain);


--
-- Name: django_site django_site_pkey; Type: CONSTRAINT; Schema: public; Owner: postgres
--

ALTER TABLE ONLY public.django_site
    ADD CONSTRAINT django_site_pkey PRIMARY KEY (id);


--
-- Name: notifications_notification notifications_notification_pkey; Type: CONSTRAINT; Schema: public; Owner: postgres
--

ALTER TABLE ONLY public.notifications_notification
    ADD CONSTRAINT notifications_notification_pkey PRIMARY KEY (id);


--
-- Name: post_direction post_direction_pkey; Type: CONSTRAINT; Schema: public; Owner: postgres
--

ALTER TABLE ONLY public.post_direction
    ADD CONSTRAINT post_direction_pkey PRIMARY KEY (id);


--
-- Name: post_dish post_dish_pkey; Type: CONSTRAINT; Schema: public; Owner: postgres
--

ALTER TABLE ONLY public.post_dish
    ADD CONSTRAINT post_dish_pkey PRIMARY KEY (id);


--
-- Name: post_follow post_follow_pkey; Type: CONSTRAINT; Schema: public; Owner: postgres
--

ALTER TABLE ONLY public.post_follow
    ADD CONSTRAINT post_follow_pkey PRIMARY KEY (id);


--
-- Name: post_ingredient post_ingredient_pkey; Type: CONSTRAINT; Schema: public; Owner: postgres
--

ALTER TABLE ONLY public.post_ingredient
    ADD CONSTRAINT post_ingredient_pkey PRIMARY KEY (id);


--
-- Name: post_likes post_likes_pkey; Type: CONSTRAINT; Schema: public; Owner: postgres
--

ALTER TABLE ONLY public.post_likes
    ADD CONSTRAINT post_likes_pkey PRIMARY KEY (id);


--
-- Name: post_postfilecontent post_postfilecontent_pkey; Type: CONSTRAINT; Schema: public; Owner: postgres
--

ALTER TABLE ONLY public.post_postfilecontent
    ADD CONSTRAINT post_postfilecontent_pkey PRIMARY KEY (id);


--
-- Name: post_recipe post_recipe_pkey; Type: CONSTRAINT; Schema: public; Owner: postgres
--

ALTER TABLE ONLY public.post_recipe
    ADD CONSTRAINT post_recipe_pkey PRIMARY KEY (id);


--
-- Name: post_stream post_stream_pkey; Type: CONSTRAINT; Schema: public; Owner: postgres
--

ALTER TABLE ONLY public.post_stream
    ADD CONSTRAINT post_stream_pkey PRIMARY KEY (id);


--
-- Name: post_tag post_tag_pkey; Type: CONSTRAINT; Schema: public; Owner: postgres
--

ALTER TABLE ONLY public.post_tag
    ADD CONSTRAINT post_tag_pkey PRIMARY KEY (id);


--
-- Name: post_tag post_tag_slug_key; Type: CONSTRAINT; Schema: public; Owner: postgres
--

ALTER TABLE ONLY public.post_tag
    ADD CONSTRAINT post_tag_slug_key UNIQUE (slug);


--
-- Name: socialaccount_socialaccount socialaccount_socialaccount_pkey; Type: CONSTRAINT; Schema: public; Owner: postgres
--

ALTER TABLE ONLY public.socialaccount_socialaccount
    ADD CONSTRAINT socialaccount_socialaccount_pkey PRIMARY KEY (id);


--
-- Name: socialaccount_socialaccount socialaccount_socialaccount_provider_uid_fc810c6e_uniq; Type: CONSTRAINT; Schema: public; Owner: postgres
--

ALTER TABLE ONLY public.socialaccount_socialaccount
    ADD CONSTRAINT socialaccount_socialaccount_provider_uid_fc810c6e_uniq UNIQUE (provider, uid);


--
-- Name: socialaccount_socialapp_sites socialaccount_socialapp__socialapp_id_site_id_71a9a768_uniq; Type: CONSTRAINT; Schema: public; Owner: postgres
--

ALTER TABLE ONLY public.socialaccount_socialapp_sites
    ADD CONSTRAINT socialaccount_socialapp__socialapp_id_site_id_71a9a768_uniq UNIQUE (socialapp_id, site_id);


--
-- Name: socialaccount_socialapp socialaccount_socialapp_pkey; Type: CONSTRAINT; Schema: public; Owner: postgres
--

ALTER TABLE ONLY public.socialaccount_socialapp
    ADD CONSTRAINT socialaccount_socialapp_pkey PRIMARY KEY (id);


--
-- Name: socialaccount_socialapp_sites socialaccount_socialapp_sites_pkey; Type: CONSTRAINT; Schema: public; Owner: postgres
--

ALTER TABLE ONLY public.socialaccount_socialapp_sites
    ADD CONSTRAINT socialaccount_socialapp_sites_pkey PRIMARY KEY (id);


--
-- Name: socialaccount_socialtoken socialaccount_socialtoken_app_id_account_id_fca4e0ac_uniq; Type: CONSTRAINT; Schema: public; Owner: postgres
--

ALTER TABLE ONLY public.socialaccount_socialtoken
    ADD CONSTRAINT socialaccount_socialtoken_app_id_account_id_fca4e0ac_uniq UNIQUE (app_id, account_id);


--
-- Name: socialaccount_socialtoken socialaccount_socialtoken_pkey; Type: CONSTRAINT; Schema: public; Owner: postgres
--

ALTER TABLE ONLY public.socialaccount_socialtoken
    ADD CONSTRAINT socialaccount_socialtoken_pkey PRIMARY KEY (id);


--
-- Name: stories_story stories_story_pkey; Type: CONSTRAINT; Schema: public; Owner: postgres
--

ALTER TABLE ONLY public.stories_story
    ADD CONSTRAINT stories_story_pkey PRIMARY KEY (id);


--
-- Name: stories_storystream stories_storystream_pkey; Type: CONSTRAINT; Schema: public; Owner: postgres
--

ALTER TABLE ONLY public.stories_storystream
    ADD CONSTRAINT stories_storystream_pkey PRIMARY KEY (id);


--
-- Name: stories_storystream_story stories_storystream_story_pkey; Type: CONSTRAINT; Schema: public; Owner: postgres
--

ALTER TABLE ONLY public.stories_storystream_story
    ADD CONSTRAINT stories_storystream_story_pkey PRIMARY KEY (id);


--
-- Name: stories_storystream_story stories_storystream_story_storystream_id_story_id_b6e294e7_uniq; Type: CONSTRAINT; Schema: public; Owner: postgres
--

ALTER TABLE ONLY public.stories_storystream_story
    ADD CONSTRAINT stories_storystream_story_storystream_id_story_id_b6e294e7_uniq UNIQUE (storystream_id, story_id);


--
-- Name: account_emailaddress_upper; Type: INDEX; Schema: public; Owner: postgres
--

CREATE INDEX account_emailaddress_upper ON public.account_emailaddress USING btree (upper((email)::text));


--
-- Name: account_emailaddress_user_id_2c513194; Type: INDEX; Schema: public; Owner: postgres
--

CREATE INDEX account_emailaddress_user_id_2c513194 ON public.account_emailaddress USING btree (user_id);


--
-- Name: account_emailconfirmation_email_address_id_5b7f8c58; Type: INDEX; Schema: public; Owner: postgres
--

CREATE INDEX account_emailconfirmation_email_address_id_5b7f8c58 ON public.account_emailconfirmation USING btree (email_address_id);


--
-- Name: account_emailconfirmation_key_f43612bd_like; Type: INDEX; Schema: public; Owner: postgres
--

CREATE INDEX account_emailconfirmation_key_f43612bd_like ON public.account_emailconfirmation USING btree (key varchar_pattern_ops);


--
-- Name: auth_group_name_a6ea08ec_like; Type: INDEX; Schema: public; Owner: postgres
--

CREATE INDEX auth_group_name_a6ea08ec_like ON public.auth_group USING btree (name varchar_pattern_ops);


--
-- Name: auth_group_permissions_group_id_b120cbf9; Type: INDEX; Schema: public; Owner: postgres
--

CREATE INDEX auth_group_permissions_group_id_b120cbf9 ON public.auth_group_permissions USING btree (group_id);


--
-- Name: auth_group_permissions_permission_id_84c5c92e; Type: INDEX; Schema: public; Owner: postgres
--

CREATE INDEX auth_group_permissions_permission_id_84c5c92e ON public.auth_group_permissions USING btree (permission_id);


--
-- Name: auth_permission_content_type_id_2f476e4b; Type: INDEX; Schema: public; Owner: postgres
--

CREATE INDEX auth_permission_content_type_id_2f476e4b ON public.auth_permission USING btree (content_type_id);


--
-- Name: auth_user_groups_group_id_97559544; Type: INDEX; Schema: public; Owner: postgres
--

CREATE INDEX auth_user_groups_group_id_97559544 ON public.auth_user_groups USING btree (group_id);


--
-- Name: auth_user_groups_user_id_6a12ed8b; Type: INDEX; Schema: public; Owner: postgres
--

CREATE INDEX auth_user_groups_user_id_6a12ed8b ON public.auth_user_groups USING btree (user_id);


--
-- Name: auth_user_user_permissions_permission_id_1fbb5f2c; Type: INDEX; Schema: public; Owner: postgres
--

CREATE INDEX auth_user_user_permissions_permission_id_1fbb5f2c ON public.auth_user_user_permissions USING btree (permission_id);


--
-- Name: auth_user_user_permissions_user_id_a95ead1b; Type: INDEX; Schema: public; Owner: postgres
--

CREATE INDEX auth_user_user_permissions_user_id_a95ead1b ON public.auth_user_user_permissions USING btree (user_id);


--
-- Name: auth_user_username_6821ab7c_like; Type: INDEX; Schema: public; Owner: postgres
--

CREATE INDEX auth_user_username_6821ab7c_like ON public.auth_user USING btree (username varchar_pattern_ops);


--
-- Name: django_admin_log_content_type_id_c4bce8eb; Type: INDEX; Schema: public; Owner: postgres
--

CREATE INDEX django_admin_log_content_type_id_c4bce8eb ON public.django_admin_log USING btree (content_type_id);


--
-- Name: django_admin_log_user_id_c564eba6; Type: INDEX; Schema: public; Owner: postgres
--

CREATE INDEX django_admin_log_user_id_c564eba6 ON public.django_admin_log USING btree (user_id);


--
-- Name: django_celery_beat_periodictask_clocked_id_47a69f82; Type: INDEX; Schema: public; Owner: postgres
--

CREATE INDEX django_celery_beat_periodictask_clocked_id_47a69f82 ON public.django_celery_beat_periodictask USING btree (clocked_id);


--
-- Name: django_celery_beat_periodictask_crontab_id_d3cba168; Type: INDEX; Schema: public; Owner: postgres
--

CREATE INDEX django_celery_beat_periodictask_crontab_id_d3cba168 ON public.django_celery_beat_periodictask USING btree (crontab_id);


--
-- Name: django_celery_beat_periodictask_interval_id_a8ca27da; Type: INDEX; Schema: public; Owner: postgres
--

CREATE INDEX django_celery_beat_periodictask_interval_id_a8ca27da ON public.django_celery_beat_periodictask USING btree (interval_id);


--
-- Name: django_celery_beat_periodictask_name_265a36b7_like; Type: INDEX; Schema: public; Owner: postgres
--

CREATE INDEX django_celery_beat_periodictask_name_265a36b7_like ON public.django_celery_beat_periodictask USING btree (name varchar_pattern_ops);


--
-- Name: django_celery_beat_periodictask_solar_id_a87ce72c; Type: INDEX; Schema: public; Owner: postgres
--

CREATE INDEX django_celery_beat_periodictask_solar_id_a87ce72c ON public.django_celery_beat_periodictask USING btree (solar_id);


--
-- Name: django_session_expire_date_a5c62663; Type: INDEX; Schema: public; Owner: postgres
--

CREATE INDEX django_session_expire_date_a5c62663 ON public.django_session USING btree (expire_date);


--
-- Name: django_session_session_key_c0390e0f_like; Type: INDEX; Schema: public; Owner: postgres
--

CREATE INDEX django_session_session_key_c0390e0f_like ON public.django_session USING btree (session_key varchar_pattern_ops);


--
-- Name: django_site_domain_a2e37b91_like; Type: INDEX; Schema: public; Owner: postgres
--

CREATE INDEX django_site_domain_a2e37b91_like ON public.django_site USING btree (domain varchar_pattern_ops);


--
-- Name: notifications_notification_post_id_d84e1970; Type: INDEX; Schema: public; Owner: postgres
--

CREATE INDEX notifications_notification_post_id_d84e1970 ON public.notifications_notification USING btree (post_id);


--
-- Name: notifications_notification_sender_id_feea9ca3; Type: INDEX; Schema: public; Owner: postgres
--

CREATE INDEX notifications_notification_sender_id_feea9ca3 ON public.notifications_notification USING btree (sender_id);


--
-- Name: notifications_notification_user_id_b5e8c0ff; Type: INDEX; Schema: public; Owner: postgres
--

CREATE INDEX notifications_notification_user_id_b5e8c0ff ON public.notifications_notification USING btree (user_id);


--
-- Name: post_direction_recipe_id_774e616d; Type: INDEX; Schema: public; Owner: postgres
--

CREATE INDEX post_direction_recipe_id_774e616d ON public.post_direction USING btree (recipe_id);


--
-- Name: post_follow_follower_id_30a4d4cf; Type: INDEX; Schema: public; Owner: postgres
--

CREATE INDEX post_follow_follower_id_30a4d4cf ON public.post_follow USING btree (follower_id);


--
-- Name: post_follow_following_id_1cb2c456; Type: INDEX; Schema: public; Owner: postgres
--

CREATE INDEX post_follow_following_id_1cb2c456 ON public.post_follow USING btree (following_id);


--
-- Name: post_ingredient_recipe_id_7beefd40; Type: INDEX; Schema: public; Owner: postgres
--

CREATE INDEX post_ingredient_recipe_id_7beefd40 ON public.post_ingredient USING btree (recipe_id);


--
-- Name: post_likes_recipe_id_50bc9c82; Type: INDEX; Schema: public; Owner: postgres
--

CREATE INDEX post_likes_recipe_id_50bc9c82 ON public.post_likes USING btree (recipe_id);


--
-- Name: post_likes_user_id_12e60720; Type: INDEX; Schema: public; Owner: postgres
--

CREATE INDEX post_likes_user_id_12e60720 ON public.post_likes USING btree (user_id);


--
-- Name: post_postfilecontent_user_id_f7492c55; Type: INDEX; Schema: public; Owner: postgres
--

CREATE INDEX post_postfilecontent_user_id_f7492c55 ON public.post_postfilecontent USING btree (user_id);


--
-- Name: post_recipe_user_id_9f90d8a0; Type: INDEX; Schema: public; Owner: postgres
--

CREATE INDEX post_recipe_user_id_9f90d8a0 ON public.post_recipe USING btree (user_id);


--
-- Name: post_stream_following_id_1fc48816; Type: INDEX; Schema: public; Owner: postgres
--

CREATE INDEX post_stream_following_id_1fc48816 ON public.post_stream USING btree (following_id);


--
-- Name: post_stream_recipe_id_650db51e; Type: INDEX; Schema: public; Owner: postgres
--

CREATE INDEX post_stream_recipe_id_650db51e ON public.post_stream USING btree (recipe_id);


--
-- Name: post_stream_user_id_330aec76; Type: INDEX; Schema: public; Owner: postgres
--

CREATE INDEX post_stream_user_id_330aec76 ON public.post_stream USING btree (user_id);


--
-- Name: post_tag_slug_c7dc921b_like; Type: INDEX; Schema: public; Owner: postgres
--

CREATE INDEX post_tag_slug_c7dc921b_like ON public.post_tag USING btree (slug varchar_pattern_ops);


--
-- Name: socialaccount_socialaccount_user_id_8146e70c; Type: INDEX; Schema: public; Owner: postgres
--

CREATE INDEX socialaccount_socialaccount_user_id_8146e70c ON public.socialaccount_socialaccount USING btree (user_id);


--
-- Name: socialaccount_socialapp_sites_site_id_2579dee5; Type: INDEX; Schema: public; Owner: postgres
--

CREATE INDEX socialaccount_socialapp_sites_site_id_2579dee5 ON public.socialaccount_socialapp_sites USING btree (site_id);


--
-- Name: socialaccount_socialapp_sites_socialapp_id_97fb6e7d; Type: INDEX; Schema: public; Owner: postgres
--

CREATE INDEX socialaccount_socialapp_sites_socialapp_id_97fb6e7d ON public.socialaccount_socialapp_sites USING btree (socialapp_id);


--
-- Name: socialaccount_socialtoken_account_id_951f210e; Type: INDEX; Schema: public; Owner: postgres
--

CREATE INDEX socialaccount_socialtoken_account_id_951f210e ON public.socialaccount_socialtoken USING btree (account_id);


--
-- Name: socialaccount_socialtoken_app_id_636a42d7; Type: INDEX; Schema: public; Owner: postgres
--

CREATE INDEX socialaccount_socialtoken_app_id_636a42d7 ON public.socialaccount_socialtoken USING btree (app_id);


--
-- Name: stories_story_user_id_855e2a92; Type: INDEX; Schema: public; Owner: postgres
--

CREATE INDEX stories_story_user_id_855e2a92 ON public.stories_story USING btree (user_id);


--
-- Name: stories_storystream_following_id_a64d1a5f; Type: INDEX; Schema: public; Owner: postgres
--

CREATE INDEX stories_storystream_following_id_a64d1a5f ON public.stories_storystream USING btree (following_id);


--
-- Name: stories_storystream_story_story_id_9fffa6f1; Type: INDEX; Schema: public; Owner: postgres
--

CREATE INDEX stories_storystream_story_story_id_9fffa6f1 ON public.stories_storystream_story USING btree (story_id);


--
-- Name: stories_storystream_story_storystream_id_ebd87a05; Type: INDEX; Schema: public; Owner: postgres
--

CREATE INDEX stories_storystream_story_storystream_id_ebd87a05 ON public.stories_storystream_story USING btree (storystream_id);


--
-- Name: stories_storystream_user_id_e7dc77ed; Type: INDEX; Schema: public; Owner: postgres
--

CREATE INDEX stories_storystream_user_id_e7dc77ed ON public.stories_storystream USING btree (user_id);


--
-- Name: unique_verified_email; Type: INDEX; Schema: public; Owner: postgres
--

CREATE UNIQUE INDEX unique_verified_email ON public.account_emailaddress USING btree (email) WHERE verified;


--
-- Name: account_emailaddress account_emailaddress_user_id_2c513194_fk_auth_user_id; Type: FK CONSTRAINT; Schema: public; Owner: postgres
--

ALTER TABLE ONLY public.account_emailaddress
    ADD CONSTRAINT account_emailaddress_user_id_2c513194_fk_auth_user_id FOREIGN KEY (user_id) REFERENCES public.auth_user(id) DEFERRABLE INITIALLY DEFERRED;


--
-- Name: account_emailconfirmation account_emailconfirm_email_address_id_5b7f8c58_fk_account_e; Type: FK CONSTRAINT; Schema: public; Owner: postgres
--

ALTER TABLE ONLY public.account_emailconfirmation
    ADD CONSTRAINT account_emailconfirm_email_address_id_5b7f8c58_fk_account_e FOREIGN KEY (email_address_id) REFERENCES public.account_emailaddress(id) DEFERRABLE INITIALLY DEFERRED;


--
-- Name: auth_group_permissions auth_group_permissio_permission_id_84c5c92e_fk_auth_perm; Type: FK CONSTRAINT; Schema: public; Owner: postgres
--

ALTER TABLE ONLY public.auth_group_permissions
    ADD CONSTRAINT auth_group_permissio_permission_id_84c5c92e_fk_auth_perm FOREIGN KEY (permission_id) REFERENCES public.auth_permission(id) DEFERRABLE INITIALLY DEFERRED;


--
-- Name: auth_group_permissions auth_group_permissions_group_id_b120cbf9_fk_auth_group_id; Type: FK CONSTRAINT; Schema: public; Owner: postgres
--

ALTER TABLE ONLY public.auth_group_permissions
    ADD CONSTRAINT auth_group_permissions_group_id_b120cbf9_fk_auth_group_id FOREIGN KEY (group_id) REFERENCES public.auth_group(id) DEFERRABLE INITIALLY DEFERRED;


--
-- Name: auth_permission auth_permission_content_type_id_2f476e4b_fk_django_co; Type: FK CONSTRAINT; Schema: public; Owner: postgres
--

ALTER TABLE ONLY public.auth_permission
    ADD CONSTRAINT auth_permission_content_type_id_2f476e4b_fk_django_co FOREIGN KEY (content_type_id) REFERENCES public.django_content_type(id) DEFERRABLE INITIALLY DEFERRED;


--
-- Name: auth_user_groups auth_user_groups_group_id_97559544_fk_auth_group_id; Type: FK CONSTRAINT; Schema: public; Owner: postgres
--

ALTER TABLE ONLY public.auth_user_groups
    ADD CONSTRAINT auth_user_groups_group_id_97559544_fk_auth_group_id FOREIGN KEY (group_id) REFERENCES public.auth_group(id) DEFERRABLE INITIALLY DEFERRED;


--
-- Name: auth_user_groups auth_user_groups_user_id_6a12ed8b_fk_auth_user_id; Type: FK CONSTRAINT; Schema: public; Owner: postgres
--

ALTER TABLE ONLY public.auth_user_groups
    ADD CONSTRAINT auth_user_groups_user_id_6a12ed8b_fk_auth_user_id FOREIGN KEY (user_id) REFERENCES public.auth_user(id) DEFERRABLE INITIALLY DEFERRED;


--
-- Name: auth_user_user_permissions auth_user_user_permi_permission_id_1fbb5f2c_fk_auth_perm; Type: FK CONSTRAINT; Schema: public; Owner: postgres
--

ALTER TABLE ONLY public.auth_user_user_permissions
    ADD CONSTRAINT auth_user_user_permi_permission_id_1fbb5f2c_fk_auth_perm FOREIGN KEY (permission_id) REFERENCES public.auth_permission(id) DEFERRABLE INITIALLY DEFERRED;


--
-- Name: auth_user_user_permissions auth_user_user_permissions_user_id_a95ead1b_fk_auth_user_id; Type: FK CONSTRAINT; Schema: public; Owner: postgres
--

ALTER TABLE ONLY public.auth_user_user_permissions
    ADD CONSTRAINT auth_user_user_permissions_user_id_a95ead1b_fk_auth_user_id FOREIGN KEY (user_id) REFERENCES public.auth_user(id) DEFERRABLE INITIALLY DEFERRED;


--
-- Name: django_admin_log django_admin_log_content_type_id_c4bce8eb_fk_django_co; Type: FK CONSTRAINT; Schema: public; Owner: postgres
--

ALTER TABLE ONLY public.django_admin_log
    ADD CONSTRAINT django_admin_log_content_type_id_c4bce8eb_fk_django_co FOREIGN KEY (content_type_id) REFERENCES public.django_content_type(id) DEFERRABLE INITIALLY DEFERRED;


--
-- Name: django_admin_log django_admin_log_user_id_c564eba6_fk_auth_user_id; Type: FK CONSTRAINT; Schema: public; Owner: postgres
--

ALTER TABLE ONLY public.django_admin_log
    ADD CONSTRAINT django_admin_log_user_id_c564eba6_fk_auth_user_id FOREIGN KEY (user_id) REFERENCES public.auth_user(id) DEFERRABLE INITIALLY DEFERRED;


--
-- Name: django_celery_beat_periodictask django_celery_beat_p_clocked_id_47a69f82_fk_django_ce; Type: FK CONSTRAINT; Schema: public; Owner: postgres
--

ALTER TABLE ONLY public.django_celery_beat_periodictask
    ADD CONSTRAINT django_celery_beat_p_clocked_id_47a69f82_fk_django_ce FOREIGN KEY (clocked_id) REFERENCES public.django_celery_beat_clockedschedule(id) DEFERRABLE INITIALLY DEFERRED;


--
-- Name: django_celery_beat_periodictask django_celery_beat_p_crontab_id_d3cba168_fk_django_ce; Type: FK CONSTRAINT; Schema: public; Owner: postgres
--

ALTER TABLE ONLY public.django_celery_beat_periodictask
    ADD CONSTRAINT django_celery_beat_p_crontab_id_d3cba168_fk_django_ce FOREIGN KEY (crontab_id) REFERENCES public.django_celery_beat_crontabschedule(id) DEFERRABLE INITIALLY DEFERRED;


--
-- Name: django_celery_beat_periodictask django_celery_beat_p_interval_id_a8ca27da_fk_django_ce; Type: FK CONSTRAINT; Schema: public; Owner: postgres
--

ALTER TABLE ONLY public.django_celery_beat_periodictask
    ADD CONSTRAINT django_celery_beat_p_interval_id_a8ca27da_fk_django_ce FOREIGN KEY (interval_id) REFERENCES public.django_celery_beat_intervalschedule(id) DEFERRABLE INITIALLY DEFERRED;


--
-- Name: django_celery_beat_periodictask django_celery_beat_p_solar_id_a87ce72c_fk_django_ce; Type: FK CONSTRAINT; Schema: public; Owner: postgres
--

ALTER TABLE ONLY public.django_celery_beat_periodictask
    ADD CONSTRAINT django_celery_beat_p_solar_id_a87ce72c_fk_django_ce FOREIGN KEY (solar_id) REFERENCES public.django_celery_beat_solarschedule(id) DEFERRABLE INITIALLY DEFERRED;


--
-- Name: notifications_notification notifications_notification_post_id_d84e1970_fk_post_recipe_id; Type: FK CONSTRAINT; Schema: public; Owner: postgres
--

ALTER TABLE ONLY public.notifications_notification
    ADD CONSTRAINT notifications_notification_post_id_d84e1970_fk_post_recipe_id FOREIGN KEY (post_id) REFERENCES public.post_recipe(id) DEFERRABLE INITIALLY DEFERRED;


--
-- Name: notifications_notification notifications_notification_sender_id_feea9ca3_fk_auth_user_id; Type: FK CONSTRAINT; Schema: public; Owner: postgres
--

ALTER TABLE ONLY public.notifications_notification
    ADD CONSTRAINT notifications_notification_sender_id_feea9ca3_fk_auth_user_id FOREIGN KEY (sender_id) REFERENCES public.auth_user(id) DEFERRABLE INITIALLY DEFERRED;


--
-- Name: notifications_notification notifications_notification_user_id_b5e8c0ff_fk_auth_user_id; Type: FK CONSTRAINT; Schema: public; Owner: postgres
--

ALTER TABLE ONLY public.notifications_notification
    ADD CONSTRAINT notifications_notification_user_id_b5e8c0ff_fk_auth_user_id FOREIGN KEY (user_id) REFERENCES public.auth_user(id) DEFERRABLE INITIALLY DEFERRED;


--
-- Name: post_direction post_direction_recipe_id_774e616d_fk_post_recipe_id; Type: FK CONSTRAINT; Schema: public; Owner: postgres
--

ALTER TABLE ONLY public.post_direction
    ADD CONSTRAINT post_direction_recipe_id_774e616d_fk_post_recipe_id FOREIGN KEY (recipe_id) REFERENCES public.post_recipe(id) DEFERRABLE INITIALLY DEFERRED;


--
-- Name: post_follow post_follow_follower_id_30a4d4cf_fk_auth_user_id; Type: FK CONSTRAINT; Schema: public; Owner: postgres
--

ALTER TABLE ONLY public.post_follow
    ADD CONSTRAINT post_follow_follower_id_30a4d4cf_fk_auth_user_id FOREIGN KEY (follower_id) REFERENCES public.auth_user(id) DEFERRABLE INITIALLY DEFERRED;


--
-- Name: post_follow post_follow_following_id_1cb2c456_fk_auth_user_id; Type: FK CONSTRAINT; Schema: public; Owner: postgres
--

ALTER TABLE ONLY public.post_follow
    ADD CONSTRAINT post_follow_following_id_1cb2c456_fk_auth_user_id FOREIGN KEY (following_id) REFERENCES public.auth_user(id) DEFERRABLE INITIALLY DEFERRED;


--
-- Name: post_ingredient post_ingredient_recipe_id_7beefd40_fk_post_recipe_id; Type: FK CONSTRAINT; Schema: public; Owner: postgres
--

ALTER TABLE ONLY public.post_ingredient
    ADD CONSTRAINT post_ingredient_recipe_id_7beefd40_fk_post_recipe_id FOREIGN KEY (recipe_id) REFERENCES public.post_recipe(id) DEFERRABLE INITIALLY DEFERRED;


--
-- Name: post_likes post_likes_recipe_id_50bc9c82_fk_post_recipe_id; Type: FK CONSTRAINT; Schema: public; Owner: postgres
--

ALTER TABLE ONLY public.post_likes
    ADD CONSTRAINT post_likes_recipe_id_50bc9c82_fk_post_recipe_id FOREIGN KEY (recipe_id) REFERENCES public.post_recipe(id) DEFERRABLE INITIALLY DEFERRED;


--
-- Name: post_likes post_likes_user_id_12e60720_fk_auth_user_id; Type: FK CONSTRAINT; Schema: public; Owner: postgres
--

ALTER TABLE ONLY public.post_likes
    ADD CONSTRAINT post_likes_user_id_12e60720_fk_auth_user_id FOREIGN KEY (user_id) REFERENCES public.auth_user(id) DEFERRABLE INITIALLY DEFERRED;


--
-- Name: post_postfilecontent post_postfilecontent_user_id_f7492c55_fk_auth_user_id; Type: FK CONSTRAINT; Schema: public; Owner: postgres
--

ALTER TABLE ONLY public.post_postfilecontent
    ADD CONSTRAINT post_postfilecontent_user_id_f7492c55_fk_auth_user_id FOREIGN KEY (user_id) REFERENCES public.auth_user(id) DEFERRABLE INITIALLY DEFERRED;


--
-- Name: post_recipe post_recipe_user_id_9f90d8a0_fk_auth_user_id; Type: FK CONSTRAINT; Schema: public; Owner: postgres
--

ALTER TABLE ONLY public.post_recipe
    ADD CONSTRAINT post_recipe_user_id_9f90d8a0_fk_auth_user_id FOREIGN KEY (user_id) REFERENCES public.auth_user(id) DEFERRABLE INITIALLY DEFERRED;


--
-- Name: post_stream post_stream_following_id_1fc48816_fk_auth_user_id; Type: FK CONSTRAINT; Schema: public; Owner: postgres
--

ALTER TABLE ONLY public.post_stream
    ADD CONSTRAINT post_stream_following_id_1fc48816_fk_auth_user_id FOREIGN KEY (following_id) REFERENCES public.auth_user(id) DEFERRABLE INITIALLY DEFERRED;


--
-- Name: post_stream post_stream_recipe_id_650db51e_fk_post_recipe_id; Type: FK CONSTRAINT; Schema: public; Owner: postgres
--

ALTER TABLE ONLY public.post_stream
    ADD CONSTRAINT post_stream_recipe_id_650db51e_fk_post_recipe_id FOREIGN KEY (recipe_id) REFERENCES public.post_recipe(id) DEFERRABLE INITIALLY DEFERRED;


--
-- Name: post_stream post_stream_user_id_330aec76_fk_auth_user_id; Type: FK CONSTRAINT; Schema: public; Owner: postgres
--

ALTER TABLE ONLY public.post_stream
    ADD CONSTRAINT post_stream_user_id_330aec76_fk_auth_user_id FOREIGN KEY (user_id) REFERENCES public.auth_user(id) DEFERRABLE INITIALLY DEFERRED;


--
-- Name: socialaccount_socialtoken socialaccount_social_account_id_951f210e_fk_socialacc; Type: FK CONSTRAINT; Schema: public; Owner: postgres
--

ALTER TABLE ONLY public.socialaccount_socialtoken
    ADD CONSTRAINT socialaccount_social_account_id_951f210e_fk_socialacc FOREIGN KEY (account_id) REFERENCES public.socialaccount_socialaccount(id) DEFERRABLE INITIALLY DEFERRED;


--
-- Name: socialaccount_socialtoken socialaccount_social_app_id_636a42d7_fk_socialacc; Type: FK CONSTRAINT; Schema: public; Owner: postgres
--

ALTER TABLE ONLY public.socialaccount_socialtoken
    ADD CONSTRAINT socialaccount_social_app_id_636a42d7_fk_socialacc FOREIGN KEY (app_id) REFERENCES public.socialaccount_socialapp(id) DEFERRABLE INITIALLY DEFERRED;


--
-- Name: socialaccount_socialapp_sites socialaccount_social_site_id_2579dee5_fk_django_si; Type: FK CONSTRAINT; Schema: public; Owner: postgres
--

ALTER TABLE ONLY public.socialaccount_socialapp_sites
    ADD CONSTRAINT socialaccount_social_site_id_2579dee5_fk_django_si FOREIGN KEY (site_id) REFERENCES public.django_site(id) DEFERRABLE INITIALLY DEFERRED;


--
-- Name: socialaccount_socialapp_sites socialaccount_social_socialapp_id_97fb6e7d_fk_socialacc; Type: FK CONSTRAINT; Schema: public; Owner: postgres
--

ALTER TABLE ONLY public.socialaccount_socialapp_sites
    ADD CONSTRAINT socialaccount_social_socialapp_id_97fb6e7d_fk_socialacc FOREIGN KEY (socialapp_id) REFERENCES public.socialaccount_socialapp(id) DEFERRABLE INITIALLY DEFERRED;


--
-- Name: socialaccount_socialaccount socialaccount_socialaccount_user_id_8146e70c_fk_auth_user_id; Type: FK CONSTRAINT; Schema: public; Owner: postgres
--

ALTER TABLE ONLY public.socialaccount_socialaccount
    ADD CONSTRAINT socialaccount_socialaccount_user_id_8146e70c_fk_auth_user_id FOREIGN KEY (user_id) REFERENCES public.auth_user(id) DEFERRABLE INITIALLY DEFERRED;


--
-- Name: stories_story stories_story_user_id_855e2a92_fk_auth_user_id; Type: FK CONSTRAINT; Schema: public; Owner: postgres
--

ALTER TABLE ONLY public.stories_story
    ADD CONSTRAINT stories_story_user_id_855e2a92_fk_auth_user_id FOREIGN KEY (user_id) REFERENCES public.auth_user(id) DEFERRABLE INITIALLY DEFERRED;


--
-- Name: stories_storystream_story stories_storystream__storystream_id_ebd87a05_fk_stories_s; Type: FK CONSTRAINT; Schema: public; Owner: postgres
--

ALTER TABLE ONLY public.stories_storystream_story
    ADD CONSTRAINT stories_storystream__storystream_id_ebd87a05_fk_stories_s FOREIGN KEY (storystream_id) REFERENCES public.stories_storystream(id) DEFERRABLE INITIALLY DEFERRED;


--
-- Name: stories_storystream stories_storystream_following_id_a64d1a5f_fk_auth_user_id; Type: FK CONSTRAINT; Schema: public; Owner: postgres
--

ALTER TABLE ONLY public.stories_storystream
    ADD CONSTRAINT stories_storystream_following_id_a64d1a5f_fk_auth_user_id FOREIGN KEY (following_id) REFERENCES public.auth_user(id) DEFERRABLE INITIALLY DEFERRED;


--
-- Name: stories_storystream_story stories_storystream_story_story_id_9fffa6f1_fk_stories_story_id; Type: FK CONSTRAINT; Schema: public; Owner: postgres
--

ALTER TABLE ONLY public.stories_storystream_story
    ADD CONSTRAINT stories_storystream_story_story_id_9fffa6f1_fk_stories_story_id FOREIGN KEY (story_id) REFERENCES public.stories_story(id) DEFERRABLE INITIALLY DEFERRED;


--
-- Name: stories_storystream stories_storystream_user_id_e7dc77ed_fk_auth_user_id; Type: FK CONSTRAINT; Schema: public; Owner: postgres
--

ALTER TABLE ONLY public.stories_storystream
    ADD CONSTRAINT stories_storystream_user_id_e7dc77ed_fk_auth_user_id FOREIGN KEY (user_id) REFERENCES public.auth_user(id) DEFERRABLE INITIALLY DEFERRED;


--
-- PostgreSQL database dump complete
--

